12,bara / bada
13,Bessha
14,bhuski maagi
15,Bichi Chara Potla
16,Bodmash
17,Boga
18,boga baicha tor mar boonie sirilymu
19,Boga Khaa
20,boka choda
21,bokachoda
22,Booni
23,botla
24,chodna
25,Chodon Boiraagi
26,Chodon Idli
27,chood
28,chudir bhai
29,Chudir Bhai
30,Chudir Pola
31,dan-da
32,dhon
33,dofla hetta
34,fatly
35,Fel
36,foga
37,"foon, foondh"
38,fungi
39,Futki
40,fuun-ga
41,gorur bachcha
42,gud
43,gud maranir beta
44,gud/guud
45,Guundaa
46,Haram jada
47,haram jadi
48,Hauwa
49,hetta muka ath bori dimo
50,"hetta, bodha, shauwaa"
51,"Kalu, Calou, Kalou,Blackie, Keltu, Kelo, Kolo Toure, Djimi Traore, Kalo Hulo, Nigga"
52,khanki
53,khanki chudi magir gude poka
54,khanki/maggi
55,khankir chele
56,Khankir Pola
57,khobis or goror khobis
58,Kuth-tar Bachcha
59,Kuthar Bacha
60,Kuththar Baiccha (Baich-cha)
61,Kuttar Bhaccha
62,kuttar chod
63,Kuttar gu
64,laora
65,lerr
66,lerr kawrar fua
67,Maagi
68,Maal
69,maggir putt
70,Moga choder bacha
71,mother chod
72,Muta kuta
73,nankta kuttar baccha
74,Nunu
75,nunu
76,pagol sagol
77,Pagul
78,pasa
79,podmarani
80,Sagul
81,Shauwa
82,shuorer baccha
83,Shurur Batcha
84,Suda-sudi
85,SUDAURIER FURII
86,SUDAURY
87,Suourer bachcha
88,SUTHH-MAROUNY
89,thor hetta laythum
90,thor maa suda
91,thor maar bothoy kha
92,thore astha gao eh sudeh
93,thumar futki marthum
94,"Thumi amar nunu khoa, onek mishti"
95,Thuuii Bandhorr
96,Thuuii Gaadhaa
97,to-mar ma hetta
98,Tor baaf fel Khai
99,Tor Bafor Boga Saat
100,tor ma amar fell
101,tor ma boga cha
102,Tor Maa
103,tor maa booni nay
104,tor maa ke chudi
105,Tor mayere chudi
106,Tor nanire chudi
107,tor nunu bouut boro
108,Tor pasha mota
109,tu ekta bandar
110,Tur booga sooto
111,tur mar booni khaa
112,tuy ath marros
113,Vogchod
114,Bain Chod
115,Bainchod
116,Bassa Shouko
117,chodnar po
118,Gud-marani
119,hagoo
120,Hijra
121,Hoga
122,Khankir pola
123,Kuthaar Baicha
124,Kuttar Bachcha
125,kuttar bachcha
126,Leura
127,Magi
128,Mai
129,makhal
130,muri kha
131,Noakhailla
132,randi magi
133,thor maa khai lai moo
134,thor maar bosoi khai see
135,Tomar maar putkey fatamu .
136,Tor babar bichi fatabo
137,Tor mar sawa kha
138,tor mare chudi
139,tur ma amar fel be
140,Aanguli kora
141,achuda
142,ads
143,Ami tor maa ke chudmu
144,baal
145,Baal chhero
146,Bara
147,Beissha Magir Pola
148,Bhag
149,Bhoda
150,Bokachoda
151,boltu chire felbo
152,botoi khowra
153,Choda
154,Chood
155,Chudanir pola
156,Chudi
157,Chudmu tor pasai sneha
158,Chumban
159,Chumu
160,Dhon
161,Dhon khecha
162,Gaand Maarano
163,Gud
164,Humaira
165,Khanki
166,khanki Magi
167,khankir pola
168,kuttar Baccha
169,lehr kawrar bachha
170,Mang
171,Naang
172,pod marani
173,Pond
174,Shetar bal
175,Shishna
176,Sohail
177,Thor heta muka ath boridimu
178,Tor Gaar Maari
179,Tor maa ke chudi
180,tor mar vhoda
181,tumi bal hagu koro!!
182,Vuuski magi
183,Aar
184,bahanchod
185,baila
186,baklol
187,bapjeth
188,bawaseer ho kya
189,bhadwa
190,bhethi
191,bhosda
192,bhosri wali
193,boor
194,Boor ka baal
195,burbak
196,chhinar
197,chhota chetan
198,chuchi
199,chutmuha
200,dogla
201,gaar marao
202,gaar maraye duniya
203,gaar me daal le
204,gadchat
205,gopal gaurav
206,jhatwa
207,kiski maiyaa kutta biyayi
208,laar
209,laar chato
210,laar lega
211,larchat
212,maa chudao
213,muth
214,randi ka bachha
215,randikhana
216,ravi kumar patel
217,tori bahin ke chodu
218,tori maiyaa ke chodu
219,maari tatoori ne chalay
220,Akbaruddin Owaisi
221,Alloo Bhosri Chaat
222,Anuj
223,Babhuchak
224,bai no bhosdo
225,bein chod
226,Benchod
227,Bhadvo
228,bhenchod
229,Bhoot
230,Bhopa
231,Bhos marina
232,Bhosad Pappu
233,bhosdo
234,bhosrini
235,bobla
236,Bobla Vagarni Baydi
237,Bosrichord
238,bosrina
239,Buckwass
240,Budhalal
241,chafu gaan
242,Chichi
243,Chod
244,Chod ami
245,Chodhru
246,chodkanya
247,Chodu
248,chupri lauri
249,Chutiya
250,Darshil
251,Dheela Lund Ni Olaad
252,Eapen
253,Fattu
254,gaan tari
255,Gaand Ghapli
256,Gaand Ma Ghal
257,"gaandina, gandina"
258,Gand nu kaanu
259,gandi chodina
260,gando
261,Gando salo
262,gel ghagharina
263,Ghel Chodyo
264,Ghelchoydi
265,Halki Raand na
266,Harsh Dalal
267,harshit
268,hopa
269,Huzefa
270,jaaro
271,Jhadhino!
272,Jignesh Mevani
273,karo loro
274,kem chho
275,kutari
276,Lakhota
277,Land
278,loda
279,lodde mari
280,Lowroh
281,luli
282,Lund Bhagat
283,Maa ne ghat bhosdina
284,maajaddha
285,maari tatoori ooper bess
286,maasi chodamno
287,Madachod
288,madachod
289,mandi susee
290,Manik
291,mara man no lado
292,mari bhosri chaat
293,meri gaan chatt
294,Mohit
295,Moht
296,mota jijah
297,nago choido
298,Nakhodiya
299,Namuno
300,Narender Modi
301,pikina
302,Pikina
303,pim pim
304,poom poom
305,Priyanshu
306,puchi chod
307,Puti
308,raand
309,rumana
310,sali
311,salu gut`ti
312,Sandas
313,suwwar jewu dachu
314,taari bai no aghano
315,Taari ma parasevo tya-reh e tuti kareh che!
316,Tara baap ni gaan
317,Taree gaar ma lowroh
318,Taree Ghaar Ma Doh Ladah
319,tari bosri kaapi karwa
320,tari dagri
321,tari gaand mare karya kutra balada
322,tari gandayli kari koyli dagri
323,Tari ma na bubla sukai-gya
324,tari ma ne hadi kadhto hathi chode
325,tari ma ni putti
326,tari ma no poplo
327,Tari maa na babla chusu
328,Tari maa na bhosda ma maro lodo
329,Tari maa na modha ma maro lodo
330,Tari maa ne chodu
331,Tari maa ni taturi
332,tari mai ni gand
333,tari mani choot ma derka bole
334,Taro baap tane chadeche
335,tere ma nu hinta kar
336,teree maah gaderi
337,thari ma ne bozro maro loro nakhides
338,Thari Ma Ni Ghaan
339,Tusat
340,Tutelli nirodh no aulad
341,bahan ke lawde
342,Bawali gand
343,Bhen ke dine
344,chudhu ke chodde
345,Dhi ke lawde
346,Dhichod
347,Domesaks danso danlo motar!
348,bhoor
349,chuttar
350,chuttari
351,gand chod
352,Ghunt Fala
353,Jhulaniya
354,Madhar chod
355,shivom lal
356,teri maichod
357,miya ka katela lund
358,miyan
359,miyan bhadvi
360,miyan rand
361,miye log madharchod
362,chut
363,chut ke baal
364,chut ke dhakkan
365,chut maarli
366,chutad
367,chutadd
368,chutan
369,chutia
370,chutiya
371,gaand
372,gaandfat
373,gaandmasti
374,gaandufad
375,gandu
376,gashti
377,gasti
378,ghassa
379,ghasti
380,harami
381,haramzade
382,hawas
383,hawas ke pujari
384,hijda
385,hijra
386,jhant
387,jhant chaatu
388,jhant ke baal
389,jhantu
390,kamine
391,kaminey
392,kanjar
393,kutta
394,kutta kamina
395,kutte ki aulad
396,kutte ki jat
397,kuttiya
398,loda
399,lodu
400,lund
401,lund choos
402,lund khajoor
403,lundtopi
404,lundure
405,maa ki chut
406,maal
407,madar chod
408,mooh mein le
409,mutth
410,najayaz
411,najayaz aulaad
412,najayaz paidaish
413,paki
414,pataka
415,patakha
416,raand
417,randi
418,saala
419,saala kutta
420,saali kutti
421,saali randi
422,suar
423,suar ki aulad
424,tatte
425,tatti
426,teri maa ka bhosada
427,teri maa ka boba chusu
428,teri maa ki chut
429,tharak
430,tharki
431,bsdk
432,mc
433,bsdk
434,hutiye
435,chakka
436,randwe
437,randve
438,chutiye
439,madarjaat
440,lomda
441,chumtiya
442,chumtiye
443,chus
444,tatto
445,goti
446,gotiya
447,gand
448,chuut
449,chodya
450,ke chode
451,chode
452,chodyu
453,boba
454,kutta
455,fakir
456,Jaan var
457,Kutta
458,Kuttiya
459,Khota
460,Khotey ki aulad
461,Kutte ki jat
462,Najayaz
463,Najayaz paidaish
464,Saala kutta
465,Saali kutti
466,Soover
467,Tatti
468,Hindi Swear Words
469,Bahen Chod
470,Bahen ke laude
471,Bahen ke takke
472,Beti Chod
473,Bhai Chod
474,Bhains ki aulad
475,"Jhalla, Faggot"
476,Jhant ke baal
477,Jhaant ke pissu
478,Kutte ka aulad
479,Kutte ke tatte
480,Maadher chod
481,Padma
482,Raand ka jamai
483,Randhwa (or randwa)
484,Rundi
485,Rundi ka bacha
486,Rundi Ki bachi
487,Soower ke bachche
488,Ullu ke pathe
489,Hindi Dirty Words
490,Bandaa
491,Booblay
492,BhonsRi-Waalaa
493,Carrom board
494,Chhed
495,Chut
496,Chut marike
497,Chodu
498,Chodra
499,Choochii
500,Gaandu
501,Gaand
502,Ing ge pan di kut teh
503,LavDa
504,Lavde
505,Lund 
506,Lavde ke bal
507,Lavander
508,Mangachinamun
509,Muth mar
510,Nimbu sharbat
511,Maa ke bable
512,Mammey mumm-aye
513,Tatte Masalna
514,Toto
515,Toota hua lund
516,Hindi Profane Words
517,Backar chodu
518,Bhand khau
519,Bhandwe ki aulad
520,Bhosad Chod
521,Bumchod
522,Bur ki chatani
523,Cuntmama
524,Chipkali ke chut ke pasine
525,Chipkali ke gaand ke pasine
526,Chipkali ke jhaat ke baal
527,Chippkali ke jhaant ke paseene
528,Chodela
529,Chodu bhagat
530,Chhola Phudakna
531,Chudan chudai
532,Chudai khana
533,Chunni
534,Choot ka baal
535,Choot ke bhoot
536,Chut ke dhakkan
537,Chut mari ke
538,Choot marani ka
539,Chut ke pasine mein talay huye bhajiye
540,Chup Ke Chut Hai
541,Fatey condom kay natije
542,Fatay huay lundtopi ka result
543,Gaandu
544,Gaandfat
545,Gaandmasti
546,Gaand ka makhan
547,Gaand marau
548,Ghondoo
549,Jhant chaatu
550,Jhaat ka bhaaji
551,Kutte ka beej
552,Lund choosu
553,Lund fakeer
554,Lundoos
555,Lund ka shorba
556,Land ka bheja
557,Lund pe chad ja
558,Lund pe thand hai
559,Lund Ke Pasine
560,Lavde ke baal
561,Maa ke bhadwe
562,Muth maar
563,Parichod
564,Phatele Nirodh ke Natije
565,Pucchi
566,Raandi baajer
567,Rundi ko choud
568,Rubber bhosda
569,Sadi hui gand
570,Tera adha Nirodh mein rah gaya
571,Hindi Obscene Words
572,Apna land choos
573,Apni gaand mein muthi daal
574,Apni ma ko ja choos
575,Chinaal ke gadde ke nipple ke baal ke joon
576,Chullu bhar muth mein doob mar
577,Gand Ka Khatmal
578,Gandkate Kutte
579,Gaand mein bambu
580,Gaand main lassan
581,Gaand main danda
582,Gaand main keera
583,Hazaar lund teri gaand main
584,Jaa Apni Bajaa
585,Jab tu paida hua tow aagey se ya peechey se nikla tha chutiya?
586,Kahe ko kha raha hai chut ki chapati aur lund ka beja?
587,Kali Choot Ke Safaid Jhaat
588,"Kutte ke poot, teri maa ki choot"
589,"Lo, mera lund anpi behen ko de do, agar khud na chod paya"
590,Lund Chus
591,Ma chudi
592,Mein teri maa ko teri bahen ki choot mein chodoonga aur tera baap laltern lekar aayega.
593,Mein teri maa ko liya tha uski suhaag raat pei.
594,Mera chunni choos
595,Meri lund choos
596,Mere Chuus Maro
597,"Na choot, na chooche, nakhre noor jahan ke!"
598,Raand ka pati
599,Rundi ko chod
600,Rundi ki tatti pe baithnewaali makkhi
601,Rundi ke tatti pe biathne wala makhi
602,Terey baad di gaand wich danda ghussa ker rakh dhungi.
603,Teri behen ka launda rubber ka 
604,Theri Biwi ko Tere Saamne Chodhunga
605,Teri Gand Mein Haathi Ka Lund
606,Teri gaand main kute ka lund
607,Tere gaand mein keede paday
608,Teri Jhanten Kaat kar tere mooh par laga kar unki french beard bana doonga.
609,Teri ma gandi rundi
610,Teri ma gadha ka lund choosay
611,Teri maa ki bimaar badboodar choot
612,Teri ma ki choot me hathi ka dum
613,Teri ma ki chut mai sabka lund
614,Teri maa ki phudi guy ki hai
615,Teri maa ka bhosda
616,Teri maa ki chute
617,Tere mai ki chut tere baap ka land
618,Teri mi di kussi mey tera sarra khandan ko ghussa ker rakh doonga.
619,"Teri maa ki gaand ki baal mein jalaay hue, maarey hue chipkili ki unday."
620,Teri ma ki budh mein chaarpai bichhake teri bahen ko chodun.
621,Teri maa ki chut mein chatri leke ghus jaunga aur khol dunga.
622,Tere maa ko sau kutte chode - sau wa tera baap!
623,Tor mai ke chodho
624,jaanvar
625,kutta
626,kutiya
627,khota
628,auladheen
629,jaat
630,najayaz
631,gandpaidaish
632,saala
633,kutti
634,soover
635,tatti
636,potty
637,behnchodon
638,behnchod
639,behenchod
640,behenchodd
641,bahenchod
642,bahanchod
643,bahencho
644,bancho
645,sali
646,bahenke
647,laude
648,takke
649,betichod
650,bhaichod
651,bhains
652,jhalla
653,jhant
654,nabaal
655,pissu
656,kutte
657,maderjat
658,madherchod
659,maderchod
660,madaarchod
661,madarjaat
662,maachod
663,madharchod
664,maderchodo
665,machod
666,maadherchod
667,madarchodon
668,madarchodd
669,madarchod
670,maadarchod
671,padma
672,raand
673,jamai
674,randwa
675,randi
676,bachachod
677,bachichod
678,soower
679,bachchechod
680,ullu
681,pathe
682,banda
683,booblay
684,booby
685,suar
686,buble
687,rand
688,babla
689,bhonsriwala
690,bhonsdiwala
691,ched
692,chut
693,chod
694,chodu
695,chodra
696,choochi
697,chuchi
698,gaandu
699,gandu
700,gaand
701,lavda
702,lawda
703,lauda
704,lund
705,balchod
706,lavander
707,muth
708,maacho
709,mammey
710,tatte
711,toto
712,toota
713,backar
714,bhandwe
715,bhosadchod
716,bhosad
717,bumchod
718,bum
719,bur
720,chatani
721,cunt
722,cuntmama
723,chipkali
724,sale
725,pasine
726,jhaat
727,chodela
728,bhagatchod
729,chhola
730,chudai
731,chudaikhana
732,chunni
733,choot
734,bhoot
735,dhakkan
736,bhajiye
737,fateychu
738,gandnatije
739,lundtopi
740,gaandu
741,gaandfat
742,gaandmasti
743,makhanchudai
744,gaandmarau
745,gandu
746,gand
747,chaatu
748,beej
749,choosu
750,fakeerchod
751,lundoos
752,shorba
753,binbheja
754,bhadwe
755,parichod
756,nirodh
757,pucchi
758,baajer
759,choud
760,bhosda
761,sadi
762,choos
763,maka
764,chinaal
765,gadde
766,joon
767,chullugand
768,doob
769,khatmal
770,gandkate
771,bambu
772,lassan
773,danda
774,keera
775,keeda
776,hazaarchu
777,paidaishikeeda
778,kali
779,safaid
780,poot
781,behendi
782,chus
783,machudi
784,chodoonga
785,baapchu
786,laltern
787,suhaagchudai
788,raatchuda
789,kaalu
790,neech
791,chikna
792,meetha
793,beechka
794,jihaadi
795,chooche
796,patichod
797,rundi
798,makkhi
799,biwichod
800,chodhunga
801,haathi
802,kute
803,jhanten
804,kaat
805,gandi
806,gadha
807,bimaar
808,badboodar
809,dum
810,raandsaala
811,phudi
812,chute
813,kussi
814,khandanchod
815,ghussa
816,maarey
817,chipkili
818,unday
819,budh
820,chaarpai
821,chodun
822,chatri
823,chode
824,chodho
825,mulle
826,mulli
827,musalman
828,momedan
829,katua
830,chutiyapa
831,bc
832,mc
833,chudwaya
834,kutton
835,lodi
836,loda
837,jungli
838,vahiyaat
839,jihadi
840,atankvadi
841,atankwadi
842,aatanki
843,aatankwadi
844,Beti Chod
845,Bhai Chod
846,Bhains ki aulad
847,"Jhalla, Faggot"
848,Jhant ke baal
849,Jhaant ke pissu
850,Kutte ka aulad
851,Kutte ke tatte
852,Maadher chod
853,Padma
854,Raand ka jamai
855,Randhwa (or randwa)
856,Rundi
857,Rundi ka bacha
858,Rundi Ki bachi
859,Soower ke bachche
860,Ullu ke pathe
861,Hindi Dirty Words
862,Bandaa
863,Booblay
864,BhonsRi-Waalaa
865,Carrom board
866,Chhed
867,Chut
868,Chut marike
869,Chodu
870,Chodra
871,Choochii
872,Gaandu
873,Gaand
874,Ing ge pan di kut teh
875,LavDa
876,Lavde
877,Lund 
878,Lavde ke bal
879,Lavander
880,Mangachinamun
881,Muth mar
882,Nimbu sharbat
883,Maa ke bable
884,Mammey mumm-aye
885,Tatte Masalna
886,Toto
887,Toota hua lund
888,Hindi Profane Words
889,Backar chodu
890,Bhand khau
891,Bhandwe ki aulad
892,Bhosad Chod
893,Bumchod
894,Bur ki chatani
895,Cuntmama
896,Chipkali ke chut ke pasine
897,Chipkali ke gaand ke pasine
898,Chipkali ke jhaat ke baal
899,Chippkali ke jhaant ke paseene
900,Chodela
901,Chodu bhagat
902,Chhola Phudakna
903,Chudan chudai
904,Chudai khana
905,Chunni
906,Choot ka baal
907,Choot ke bhoot
908,Chut ke dhakkan
909,Chut mari ke
910,Choot marani ka
911,Chut ke pasine mein talay huye bhajiye
912,Chup Ke Chut Hai
913,Fatey condom kay natije
914,Fatay huay lundtopi ka result
915,Gaandu
916,Gaandfat
917,Gaandmasti
918,Gaand ka makhan
919,Gaand marau
920,Ghondoo
921,Jhant chaatu
922,Jhaat ka bhaaji
923,Kutte ka beej
924,Lund choosu
925,Lund fakeer
926,Lundoos
927,Lund ka shorba
928,Land ka bheja
929,Lund pe chad ja
930,Lund pe thand hai
931,Lund Ke Pasine
932,Lavde ke baal
933,Maa ke bhadwe
934,Muth maar
935,Parichod
936,Phatele Nirodh ke Natije
937,Pucchi
938,Raandi baajer
939,Rundi ko choud
940,Rubber bhosda
941,Sadi hui gand
942,Tera adha Nirodh mein rah gaya
943,Hindi Obscene Words
944,Apna land choos
945,Apni gaand mein muthi daal
946,Apni ma ko ja choos
947,Chinaal ke gadde ke nipple ke baal ke joon
948,Chullu bhar muth mein doob mar
949,Gand Ka Khatmal
950,Gandkate Kutte
951,Gaand mein bambu
952,Gaand main lassan
953,Gaand main danda
954,Gaand main keera
955,Hazaar lund teri gaand main
956,Jaa Apni Bajaa
957,Jab tu paida hua tow aagey se ya peechey se nikla tha chutiya?
958,Kahe ko kha raha hai chut ki chapati aur lund ka beja?
959,Kali Choot Ke Safaid Jhaat
960,"Kutte ke poot, teri maa ki choot"
961,"Lo, mera lund anpi behen ko de do, agar khud na chod paya"
962,Lund Chus
963,Ma chudi
964,Mein teri maa ko teri bahen ki choot mein chodoonga aur tera baap laltern lekar aayega.
965,Mein teri maa ko liya tha uski suhaag raat pei.
966,Mera chunni choos
967,Meri lund choos
968,Mere Chuus Maro
969,"Na choot, na chooche, nakhre noor jahan ke!"
970,Raand ka pati
971,Rundi ko chod
972,Rundi ki tatti pe baithnewaali makkhi
973,Rundi ke tatti pe biathne wala makhi
974,Terey baad di gaand wich danda ghussa ker rakh dhungi.
975,Teri behen ka launda rubber ka 
976,Theri Biwi ko Tere Saamne Chodhunga
977,Teri Gand Mein Haathi Ka Lund
978,Teri gaand main kute ka lund
979,Tere gaand mein keede paday
980,Teri Jhanten Kaat kar tere mooh par laga kar unki french beard bana doonga.
981,Teri ma gandi rundi
982,Teri ma gadha ka lund choosay
983,Teri maa ki bimaar badboodar choot
984,Teri ma ki choot me hathi ka dum
985,Teri ma ki chut mai sabka lund
986,Teri maa ki phudi guy ki hai
987,Teri maa ka bhosda
988,Teri maa ki chute
989,Tere mai ki chut tere baap ka land
990,Teri mi di kussi mey tera sarra khandan ko ghussa ker rakh doonga.
991,"Teri maa ki gaand ki baal mein jalaay hue, maarey hue chipkili ki unday."
992,Teri ma ki budh mein chaarpai bichhake teri bahen ko chodun.
993,Teri maa ki chut mein chatri leke ghus jaunga aur khol dunga.
994,Tere maa ko sau kutte chode - sau wa tera baap!
995,Tor mai ke chodho
996,aand
997,aandal
998,aandu
999,aandupana
1000,abla naari tera buble bhaari
1001,apni gaand mein muthi daal
1002,apni lund choos
1003,apni ma ko ja choos
1004,backarchodu
1005,badboodar choot
1006,badir
1007,badirchand
1008,bahen chod
1009,bahen ka loda
1010,bahen ke laude
1011,bahen ke takke
1012,bahen ki choot
1013,bahenchod
1014,bahinchod
1015,bahnchod
1016,bakland
1017,bakri chod
1018,bakwaas
1019,ban chod
1020,banchod
1021,banchood
1022,bandaa
1023,bandhar
1024,ben chod
1025,benchod
1026,beti chod
1027,bhadhava
1028,bhadkhau
1029,bhadwa
1030,bhadwe ka awlat
1031,bhai chod
1032,bhains ki aulad
1033,bhan chhod
1034,bhanchod
1035,bhandava
1036,bhen chod
1037,bhen ke laude
1038,bhen ke takke
1039,bhenchod
1040,bhenchodd
1041,bhonsri-waalaa
1042,bhosad chod
1043,bhosadike
1044,bhosdaa very
1045,bhosdi ka
1046,bhosdi wala
1047,bhosdika
1048,bol teri gand kaise maru
1049,booblay
1050,buddha khoosat
1051,buhtah-nee ka
1052,bumchod
1053,bund
1054,bund maraa le
1055,bur
1056,bur ki chatani
1057,carrom board
1058,char soh bis
1059,chhaati
1060,chhed
1061,chhola phudakna
1062,chinaal
1063,chinaal ke gadde ke nipple ke baal ke joon
1064,chipkali ke chut ke pasine
1065,chipkali ke gaand ke pasine
1066,chipkali ke jhaat ke baal
1067,chipkali ke jhaat ke paseene
1068,chipkali ki bhigi chut
1069,chodela
1070,chodnaa to fuck 
1071,chodra
1072,chodu
1073,chodu bhagat
1074,choochi
1075,choochii
1076,choot
1077,choot ka baal
1078,chootad
1079,chootadchod
1080,chootia
1081,chootiya
1082,chootiyapa
1083,chootiyapanti
1084,chudaai
1085,chudaai khaani
1086,chudai
1087,chudai khana
1088,chudan
1089,chudi
1090,chudwana
1091,chull uthna
1092,chunni
1093,chusnawal
1094,chusnawala
1095,chut
1096,chut ka bhoot
1097,chut ka pujari
1098,chut ke dhakkan
1099,chut ke gulam
1100,chut ke pasine
1101,chut marike
1102,chutan
1103,chutia
1104,chutiya
1105,chutiyapa
1106,cuntmama
1107,dhee chod
1108,dhee ka lund
1109,dheela lund
1110,fate condom ka natije
1111,fuddi pussy 
1112,gaand
1113,gaand asshole (definition) 
1114,gaand ka makhan
1115,gaand maarna to fuck in the ass 
1116,gaand main danda
1117,gaand main keera
1118,gaand main lassan
1119,gaand marau
1120,gaand marna
1121,gaand mein bambu
1122,gaandfat
1123,gaandkate kutte
1124,gaandmasti
1125,gaandu
1126,gaandu asshole (person) 
1127,gashti
1128,gastee
1129,gasti
1130,ghassad
1131,ghasti
1132,ghelchodia
1133,goti
1134,gotiyan
1135,gpl (gaand pe laat)
1136,gundmaraa ass fucked (man) 
1137,gundmari ass fucked (lady) 
1138,haraam ka chuda son of unknown father 
1139,haraam ki chudi fucked by someone other then husband. 
1140,haraam zaada
1141,haraami
1142,haraamjaada son of unknown father 
1143,haraamjaadi daughter
1144,haraamkhor
1145,hijda
1146,hijdaa
1147,hijde
1148,hijra
1149,hug
1150,ing ge pan di kut teh
1151,januwar
1152,jhaant
1153,jhaant ka baal
1154,jhaant ke pissu
1155,jhaant ukhaadna
1156,jhaat chaatu
1157,jhaat ka bhaaji
1158,jhalla
1159,jhant ke baal
1160,jhat ke baal
1161,kaamchor
1162,kadak maal
1163,kali choot ke safaid jhaat
1164,kali chut ka safaid jhaat
1165,kamina
1166,katla
1167,khade lund pe dhoka
1168,khasmanu khaani
1169,khota
1170,khotey ki aulad
1171,khotey ki aulda
1172,klpd
1173,kutchudi
1174,kuthi for girl
1175,kutiya
1176,kutiya ke pilley
1177,kutte ka aulad
1178,kutte ka awlat
1179,kutte ka beej
1180,kutte ka lund
1181,kutte ke pilley
1182,kutte ke poot
1183,kutte ke tatte
1184,kutte ki jat
1185,kuttiya
1186,kya kadak hai ye
1187,kya maal hai ye
1188,ladkichod
1189,landait
1190,lavander
1191,lavda
1192,lavde
1193,lavde ke baal
1194,lavde ke bal
1195,loda
1196,lodu
1197,londiyachod
1198,lund
1199,lund choos
1200,lund choosu
1201,lund chus
1202,lund fakeer
1203,lund fakir
1204,lund ka bheja
1205,lund ka shorba
1206,lund ke pasine
1207,lund pe chad ja
1208,lund pe thand hai
1209,lund 
1210,lundoos
1211,lundtopi
1212,ma chudi
1213,maa chudaa
1214,maa ka bhosda
1215,maa ke bable
1216,maa ke bhadve
1217,maa ke bhadwe
1218,maa ke laude
1219,maa ki choot
1220,maa ki chut
1221,maa ki phudi
1222,maachod
1223,maa-chod
1224,maa-chut
1225,maadarchod
1226,maadher chod
1227,maakichut
1228,maal semen
1229,mader chod
1230,maha gaandu
1231,mammey
1232,mangachinamun
1233,mast maal
1234,momme
1235,moot
1236,mutar
1237,muth maar
1238,muth mar
1239,muth marna
1240,mutthal
1241,na chhot
1242,najayaz
1243,najayaz paidaish
1244,netrachodan mat kar
1245,nimbu sharbat
1246,paad
1247,paadu kaun
1248,paagal choda
1249,padma
1250,pancho
1251,parichod
1252,phatele nirodh ke natije
1253,pisaab
1254,pucchi
1255,raand
1256,raand ka jamai
1257,raand ka pati
1258,raandi baajer
1259,raapchik
1260,rakhail
1261,rand chod
1262,randhwa
1263,randwa
1264,rubber bhosda
1265,rundee
1266,rundi
1267,rundi apni chut leka ana
1268,rundi ka bacha
1269,rundi khana
1270,rundi ki bachi
1271,rundi ko chowd
1272,saala
1273,saala kutta
1274,saali kutti
1275,sadi hui gaand
1276,sali kuta
1277,sali kutti
1278,seal bund
1279,seal pack virgin 
1280,sewwer ki bachi
1281,soover
1282,soower ke bachche
1283,suwwar
1284,suwwar ka bachcha
1285,suwwar ke lund
1286,suwwar ki bachchi
1287,suwwariya
1288,tatte masalna
1289,toota hua lund
1290,tor mai ke chodho
1291,ulloo choda stupid
1292,ulloo ka patthaa
1293,ullu ke pathe
1294,undi
1295,randi
1296,raandi
1297,randwe
1298,harami
1299,haram khor
1300,haramkor
1301,maa chod
1302,maa chuda
1303,maa chooda
1304,maa ki aankh
1305,randi ke
1306,bc
1307,bkl
1308,muh me lele
1309,maa ka bhosdaa
1310,gandwe
1311,gandwa
1312,bhosdi wale
1313,c***yapa
1314,bosdi ke
1315,bosdike
1316,madarchood
1317,big boobs
1318,shake your boobs
1319,sex boob
1320,suck ur boobs
1321,maderchod
1322,xxx
1323,are u slut
1324,fuckyoself
1325,laude
1326,bhosda
1327,chutiyapanti
1328,bhnchooo
1329,fuk u
1330,chut loda
1331,lun pakad lo
1332,madarchod
1333,ma ke lode
1334,chooth
1335,teri ma ka bamba
1336,suck bitch
1337,screw u
1338,screw you
1339,puccy
1340,laudagiri
1341,bhenchodh
1342,madarchodh
1343,choothiye
1344,maa chudao
1345,gaand mara
1346,xdesi.com
1347,xvideos.com
1348,b***s
1349,chutiyaapaa
1350,bhenchodo
1351,maaki chut
1352,f@#* you
1353,f... u
1354,nice boobs
1355,tere maa chodunga
1356,amma chod
1357,chinal log
1358,chinal
1359,fudu
1360,fuddu
1361,buckchod
1362,lauda
1363,maa chudaye
1364,chudaye
1365,randi k
1366,gandu
1367,jhaatu
1368,jhatu
1369,jhatoo
1370,chussar
1371,chup b bhosdike
1372,bhosdi ke
1373,bhosdi
1374,maa ke lodey..
1375,gand marao
1376,behanchod
1377,bhossdi k
1378,maakilaudi
1379,muth marke soja
1380,muth marka soja
1381,muth mar ke so ja
1382,muth maar
1383,boka choda
1384,bhosdike
1385,bakchod
1386,backcgod
1387,brest
1388,cleavage
1389,chudna
1390,phudi
1391,cutyiye
1392,pennis
1393,chu.t
1394,backchod
1395,hot clevage
1396,clevage
1397,gand
1398,bhosadiwaale
1399,bokachoda
1400,nice cleavage
1401,jhat
1402,thode daba do
1403,bosid***ke
1404,band kar lav**d
1405,bhaag bhanchode 
1406,bhanchode
1407,baag bachod ladki
1408,bachod
1409,cu**t
1410,ch****ye
1411,ban**chid
1412,chu chu
1413,bachchod
1414,ga**ndo
1415,machudao
1416,chuchi
1417,teri maa ki ***
1418,chusss le
1419,chu
1420,chuu
1421,b*nch*d*
1422,cutiye
1423,bosidike
1424,boooooobbbbbssss
1425,muh mae le
1426,bakchodi
1427,bh*sdike
1428,raan*s
1429,lole
1430,bhdve
1431,bahan ki chuat
1432,maadr chaad
1433,ga**nd
1434,ga**
1435,chuchu
1436,chusaa hua
1437,bosidike
1438,teri maa ka saaki
1439,f***ing
1440,f***off
1441,chup mc
1442,bhosdiwaale
1443,bhosdikee
1444,aaand mat kaha
1445,aand mat kaha
1446,aandal
1447,aandu
1448,aandupana
1449,abla naari tera buble bhaari
1450,amma ki chut
1451,andh
1452,apna land choos
1453,apna lund choos
1454,apna ma ko ja choos
1455,apni gaand mein muthi daal
1456,apni land choos
1457,apni lund choos
1458,apni ma ko ja choos
1459,asal ka chuda
1460,baap ke lavde
1461,backar chodu
1462,backarchodu
1463,backchod
1464,badeer
1465,badir
1466,badirchand
1467,bahen chod
1468,bahen ka loda
1469,bahen ke laude
1470,bahen ke takke
1471,bahenchod
1472,bahinchod
1473,bahu chod
1474,bakchod
1475,bakchod billi
1476,bakland
1477,baklol
1478,baklund
1479,bakri chod
1480,bakrichod
1481,balatkaar
1482,banchod
1483,bc
1484,behan chod
1485,behen chod
1486,behen ka laura
1487,behen ke land
1488,behen ke laude
1489,behen ke lawde
1490,behen ke lund
1491,behen ke take
1492,behenchod
1493,behenkelaude
1494,behnchod
1495,benchod
1496,beti chod
1497,betichod
1498,bhaand me jaao
1499,bhadhava
1500,bhadva chodika
1501,bhadwa
1502,bhadwe
1503,bhadwe ka awlat
1504,bhadwe ki nasal
1505,bhag bhosdike
1506,bhai chhod bhayee chod
1507,bhai chod
1508,bhainchod
1509,bhains ki aulad
1510,bhais ke lund
1511,bhais ki poonch
1512,bhand khau
1513,bhandava
1514,bhandwe ki aulad
1515,bhen chhod bhaynchod
1516,bhen chod
1517,bhen di fuddi
1518,bhen ke laude
1519,bhen ke lode
1520,bhen ke lode maa chuda
1521,bhen ke takke
1522,bhen ki choot
1523,bhencho
1524,bhenchod
1525,bhodhsike
1526,bhonsriwaalaa
1527,bhootnee ka
1528,bhootnik
1529,bhosad chod
1530,bhosad raand
1531,bhosadchod
1532,bhosadi k
1533,bhosadi ke
1534,bhosadike
1535,bhosadiwala
1536,bhosda
1537,bhosdaa
1538,bhosdee kay
1539,bhosdi
1540,bhosdi k
1541,bhosdi ka
1542,bhosdi kalam
1543,bhosdi ke
1544,bhosdi wala
1545,bhosdi wale
1546,bhosdik
1547,bhosdika
1548,bhosdike
1549,bhosdivaale
1550,bhosdiwala
1551,bhosdiwale
1552,bhundi
1553,bokachoda
1554,bol teri gand kaise maru
1555,booblay
1556,boor
1557,bsdk
1558,buddha khoosat
1559,buhtahnee ka
1560,bulle ke baal
1561,bumchod
1562,bund
1563,bund maraa le
1564,bur
1565,bur ka choda
1566,bur ki chatani
1567,burr
1568,burr ke baal
1569,bursungha
1570,camina
1571,cha cha chod
1572,chachunder ki aulad
1573,chhola phudakna
1574,chhut ka baal
1575,chinaal
1576,chinaal ke gadde ke nipple ke baal ke joon
1577,chinal
1578,chipkai ki choot ke paseene
1579,chipkali ke chut ke pasine
1580,chipkali ke gaand ke pasine
1581,chipkali ke jhaat ke baal
1582,chipkali ke jhaat ke paseene
1583,chipkali ki bhigi chut
1584,chippkali ke jhaant ke paseene
1585,chod ke bal ka kida
1586,chodela
1587,chodu bhagat
1588,chooche
1589,choochi
1590,choochii
1591,chood
1592,choodasi
1593,choodpagal
1594,choohe ki moot
1595,choot k bhoot
1596,choot k pakode
1597,choot ka baal
1598,choot ka paani
1599,choot ka pissu
1600,choot ke bhoot
1601,choot ke bhoot vaginal ghost
1602,choot ki jhilli
1603,choot marani ka
1604,chootad
1605,chootadchod
1606,chootia
1607,chootiya
1608,chootiyapanti
1609,chopre he randi
1610,chudaai
1611,chudaai khaana
1612,chudaai khaani
1613,chudai khana
1614,chudail
1615,chudan chudai
1616,chudase
1617,chudasi
1618,chude
1619,chudi
1620,chudpagal
1621,chudwana
1622,chull uthna
1623,chullu bhar muth mein doob mar
1624,chup ke chut hai
1625,chusnawala
1626,chusnawali
1627,chut
1628,chut k dher
1629,chut ka bhoot
1630,chut ka maindak
1631,chut ka nai
1632,chut ka pujari
1633,chut karo
1634,chut ke baal
1635,chut ke dhakkan
1636,chut ke gulam
1637,chut ke makkhan
1638,chut ke pakode
1639,chut ke pasine mein talay huye bhajiye
1640,chut khujaane vaali
1641,chut ki andhi
1642,chut ki pyasi
1643,chut mari ke
1644,chut marike
1645,chut se latka hua laude ka moot
1646,chutan
1647,chute
1648,chutia
1649,chutiya
1650,chutiya chootia
1651,chutiya ka bheja ghas khane gaya hai
1652,chutiyah
1653,chutiye
1654,chuttad
1655,chuttad chod
1656,cuntmama
1657,cutlkat lund
1658,dalli
1659,dhee chod
1660,dhee ka lund
1661,dheela lund
1662,dheeli choot
1663,dheli chut
1664,dogla
1665,fatay huay lundtopi ka
1666,fatay huay lundtopi ka result
1667,fate condom ka natije
1668,fatey condom kay natije
1669,fuddi
1670,fudii k
1671,gaand
1672,gaand chaat mera
1673,gaand gaand
1674,gaand k baal
1675,gaand ka baal
1676,gaand ka khadda
1677,gaand ka makhan
1678,gaand ka pilla
1679,gaand ke dhakan
1680,gaand ki aulaad
1681,gaand maar bhen chod
1682,gaand maarna
1683,gaand main danda
1684,gaand main keera
1685,gaand main lassan
1686,gaand mara
1687,gaand marau
1688,gaand marna
1689,gaand mein bambu
1690,gaand mein kida
1691,gaandfat
1692,gaandkate kutte
1693,gaandmasti
1694,gaandu
1695,gadha
1696,gand mein danda
1697,gand mein louda
1698,gandi chut mein sadta hua ganda kida
1699,gandi fuddi ki gandi auladd
1700,gandkate kutte
1701,gandmare
1702,gandmasti
1703,gandu
1704,gandu saala
1705,gandue
1706,gashti
1707,gastee
1708,gasti
1709,ghassad
1710,ghasti
1711,ghelchodia
1712,ghondoo
1713,gote
1714,gote kitne bhi bade ho lund ke niche hi rehte hai
1715,goti muh mein hai
1716,gundmaraa
1717,gundmari
1718,hamari le rahe hai
1719,haraam ka chuda
1720,haraam ki chudi
1721,haraam zaada
1722,haraami
1723,haraamjaada
1724,haraamjaadi
1725,haraamkhor
1726,haram zaadaa
1727,harami
1728,harami ke pille
1729,haramkhor
1730,haramzaada
1731,haramzade
1732,harazyaada
1733,havas
1734,hazaar lund teri gaand main
1735,hijdaa
1736,hijde
1737,hijra
1738,hrami
1739,hugna
1740,hugnaa
1741,jab tu paida hua tho aagey se ya peechey se nikla tha chutiya
1742,jab tu paida hua tow aagey se ya peechey se nikla tha chutiya
1743,janam jala
1744,janam jali
1745,januwar
1746,janwar
1747,jhaant
1748,jhaant ka baal
1749,jhaant ke jhature
1750,jhaant ke pissu
1751,jhaant ukhaadna
1752,jhaat
1753,jhaat chaatu
1754,jhaat ka bhaaji
1755,jhaat ke baal
1756,jhaatoon saala
1757,jhaatu
1758,jhad jaana
1759,jhandu
1760,jhant chaatu
1761,jhant ke baal
1762,jhantu
1763,jhat ke baal
1764,jhat lahergaya
1765,jhatoo
1766,jhund
1767,joo ke hagge
1768,kaala lund
1769,kaali kutti
1770,kadak maal
1771,kahe ko kha raha hai chut ki chapati aur lund ka beja?
1772,kali choot ke safaid jhaat
1773,kali chut ka safaid jhaat
1774,kamina
1775,kamine
1776,kaminee
1777,kaminey
1778,katla
1779,khade lund pe dhoka
1780,khasmanu khaani
1781,khota
1782,khotey ki aulad
1783,khotey ki aulda
1784,khujju
1785,klpd
1786,kukarchod
1787,kutchudi
1788,kutha
1789,kutha sala
1790,kuthi
1791,kuthri
1792,kuthta buraanahe kandaa nahi pattaahe
1793,kutiya
1794,kutiya ke pilley
1795,kutiyaa
1796,kutta
1797,kutte
1798,kutte ka aulad
1799,kutte ka awlat
1800,kutte ka bachha
1801,kutte ka beej
1802,kutte ka lund
1803,kutte ke aulaad
1804,kutte ke pilley
1805,kutte ke poot
1806,kutte ke tatte
1807,kutte ki aulad
1808,kutte ki jat
1809,kutte ki olad
1810,kutti
1811,kuttiya
1812,kya kadak hai ye
1813,kya maal hai ye
1814,ladkichod
1815,land ka bheja
1816,landait
1817,landue
1818,landure
1819,lauda
1820,laudap
1821,laude
1822,laude ke baal
1823,laude sale
1824,lavda
1825,lavde
1826,lavde ka baal
1827,lavde ke baal
1828,lavde ke bal
1829,lawda
1830,lawde
1831,lo mera lund anpi behen ko de do agar khud na chod paya
1832,lo mera lund apni behen ko de do agar khud na chod paya
1833,loda
1834,lode jesi shakal ke
1835,lode ke baal
1836,lodey jaise shakal teri
1837,lodu
1838,loduu
1839,londiyachod
1840,lowde ka bal
1841,lund
1842,lund choosu
1843,lund chus
1844,lund chuse
1845,lund fakeer
1846,lund fakir
1847,lund fekh ke maroonga toh tera poora khandan chud jayega chutmarike
1848,lund k laddu
1849,lund ka baal
1850,lund ka bheja
1851,lund ka shorba
1852,lund ke pasine
1853,lund khajoor
1854,lund luhnd
1855,lund mera muh tera
1856,lund pe chad ja
1857,lund pe thand hai
1858,lund phek ke marenge khandan chud jayega
1859,lundfakir
1860,lundoos
1861,ma chudi
1862,maa chudaa
1863,maa ka lauda
1864,maa ke bable
1865,maa ke bhadve
1866,maa ke bhadwe
1867,maa ke laude
1868,maa ki aankh
1869,maa ki choot
1870,maa ki chut
1871,maacho
1872,maachod
1873,maachodh
1874,maadar chowd
1875,maadarchod
1876,maadher chod
1877,maakelaude
1878,maal
1879,maal chhodna
1880,maarey hue chipkili ki unday
1881,machod
1882,machodh
1883,madar chod
1884,madar jaat
1885,madarchod
1886,madarchod ke aulaad
1887,madarchodh
1888,madarjat
1889,mader chod
1890,madharchod
1891,maha gaandu
1892,mahder chod
1893,mahderchod
1894,mai chod
1895,maichod
1896,mamme
1897,mammey mummaye
1898,mangachinamun
1899,mast maal
1900,mc
1901,mein teri maa ko liya tha uski suhaag raat pei
1902,mein teri maa ko teri bahen ki choot mein chodoonga aur tera baap laltern lekar aayega
1903,mein teri maa ko teri bhen ki choot mein chodoonga aur tera baap laltern lekar aayega
1904,mera chunni choos
1905,mera ganna mere dil se bada hai
1906,mera gota moo may lay
1907,mera lund choos
1908,mera lungi me havas ki aag lagi hai
1909,mera muhme le
1910,mera mume le
1911,mere chuus maro
1912,mere fudi kha ley
1913,mere pass nile rang ke gend hai
1914,meri gand ka baal
1915,meri gand ka khatmal
1916,meri ghand ka baal
1917,meri lund choos
1918,meri lundh choos
1919,mome ka pasina chat
1920,moo may lay mera
1921,moot
1922,mooth marna
1923,mootna
1924,mu c waale
1925,mujhe aap ki chut chahiye
1926,mujhe aap ko chodna hai
1927,mujhe aap ko thokna hai
1928,mujhe chodne ki bhukh hai
1929,mujhe chut chahiye
1930,mujhe chut marni hai
1931,mujhe ko chodna hai
1932,mujhe tumhe chodna
1933,mujhe tumhe thokna
1934,mujhe usko chodna hai
1935,mutar
1936,muth maar
1937,muth mar
1938,muth marna
1939,mutth marna
1940,mutthal
1941,na choot na chooche nakhre noor jahan ke
1942,naali ka keeda
1943,najayaz
1944,najayaz paidaish
1945,paagal choda
1946,paagalchoda
1947,parichod
1948,phatele nirodh ke natije
1949,phuddi
1950,pig ki tatti
1951,pille
1952,raand
1953,raand codha
1954,raand ka jamai
1955,raand ka pati
1956,raand whore
1957,raandi baajer
1958,rakhail
1959,rand
1960,rand chod
1961,rand ki moot
1962,randawa
1963,randhwa
1964,randi
1965,randi baj
1966,randi chod
1967,randi ka bachcha
1968,randi ka choda
1969,randi ka larka
1970,randi ke baal
1971,randi ke bacche
1972,randi ke beej
1973,randi ke dalal
1974,randi ke jhaant ke toote hue baal
1975,randi ki aulaad
1976,randi ki aulad
1977,randi ki chut
1978,randuaa
1979,randwa
1980,randwe
1981,rubber bhosda
1982,rundee
1983,rundi
1984,rundi apni chut leka ana
1985,rundi ka bacha
1986,rundi ke tatti pe biathne wala makhi
1987,rundi khana
1988,rundi ki bachi
1989,rundi ki tatti pe baithne waali makkhi
1990,rundi ki tatti pe baithnewaali makkhi
1991,rundi ko chod
1992,rundi ko choud
1993,rundi ko chowd
1994,saala
1995,saala betichod
1996,saala kutta
1997,saale
1998,saali kutti
1999,sab ka lund teri ma ki chut mein
2000,sadi hui gaand
2001,sadi hui gand
2002,sala
2003,sala kuttaa
2004,sale
2005,sali kuta
2006,sali kutti
2007,sardar fuda singh
2008,seal bund
2009,sewwer ki bachi
2010,shali
2011,sooar
2012,soover
2013,soower ki bachi
2014,suar
2015,suar ki tatti
2016,sust lund ki padaish
2017,suvar chod
2018,suwar ki aulad
2019,suwwar
2020,suwwar ka bachcha
2021,suwwar ke lund
2022,suwwar ki bachchi
2023,suwwariya
2024,suyar ke baacho
2025,tatte masalna
2026,tatti tatte masalna
2027,tei maa ki gaand me bhi
2028,tera baap ki chut aur maa ke laude
2029,tere adha nirodh mein rah gaya
2030,tere baap ki chut mai teri maa ka land
2031,tere baap ki gaand teri chute mai chuglee
2032,tere gaand mein keede paday
2033,tere maa ka bur
2034,tere maa ko sau kutte chode sau wa tera baap!
2035,tere maa ko sau kutte chode – sau wa tera baap
2036,tere mai ki chut baap teri maa ka land
2037,terey baad di gaand wich danda ghussa ker rakh dhungi
2038,terey baad di gaand wich dhanda gussa ker rakdhungi
2039,teri behen ka bhosda faadu
2040,teri behen ka lauda rubber ka
2041,teri behen ka launda rubber ka
2042,teri behen ka lavda rubber ka
2043,teri bhen ki gaand me ungli karunga
2044,teri bhosri mein aag
2045,teri biwiko teri saamne chodhunga
2046,teri biwiko theri saamne chodhunga
2047,teri gaand main kute ka lund
2048,teri gaand me danda
2049,teri gaand mein haathi ka lund
2050,teri gand mai ghadhe ka lund
2051,teri gand mein haathi ka lund
2052,teri jhanten kaat kar tere mooh par laga kar unki french beard bana doonga
2053,teri ma chadha ka lund choos
2054,teri ma gadha ka lund choos
2055,teri ma gandi rundi
2056,teri ma ki budh mein chaarpai bichhake teri bahen ko chodun
2057,teri ma ki bund mein chaarpai bichhake teri bhen ko chodun
2058,teri ma ki choot me hathi ka dum
2059,teri ma ki chut mai sabka lund
2060,teri ma ko kutta chode
2061,teri maa ka
2062,teri maa ka bhosda
2063,teri maa ka bhosra
2064,teri maa ka boba chusu
2065,teri maa ke bable
2066,teri maa ke bhosade ke baal
2067,teri maa ke bobe kha jaunga bhosdi ke
2068,teri maa ki bimaar badboodar choot
2069,teri maa ki choot
2070,teri maa ki choot me hathi ka dum
2071,teri maa ki choot me kutte ka lavda
2072,teri maa ki chut
2073,teri maa ki chut mai sabka lund
2074,teri maa ki chut mein chatri leke ghus jaunga aur khol dunga
2075,teri maa ki chute
2076,teri maa ki gaand ki baal mein jalaay hue
2077,teri maa ki gaand ki baal mein jalaay hue maarey hue chupkili ki unday
2078,teri maa ki maari choot
2079,teri maa ki phudi guy ki hai
2080,teri maa ki sukhi bhos
2081,teri maa ko chodun
2082,teri mi di kussi mey tera sarra khandan ko ggussa ker rakhdoungi
2083,teri mi di kussi mey tera sarra khandan ko ghussa ker rakh doonga
2084,teri phuphi ki choot mein
2085,tharki
2086,theri biwi ko tere saamne chodhunga
2087,toota hua lund
2088,tor mai ke chodho
2089,tu tera maa ka lauda
2090,tum chutiya ho
2091,ulloo choda
2092,ulloo ka patthaa
2093,ullu ke pathe
2094,aand
2095,aaand 
2096,aandu
2097,bakchod
2098,balatkar
2099,bc
2100,beti chod
2101,bhadva
2102,bhadve
2103,bhandve
2104,bhootni ke
2105,bhosad
2106,bhosadi ke
2107,bhosda
2108,boobe
2109,chakke
2110,chinaal
2111,chinki
2112,chod
2113,chodu
2114,chodu bhagat
2115,chooche
2116,choochi
2117,choot
2118,choot ke baal
2119,chootia
2120,chootiya
2121,chuche
2122,chuchi
2123,chudai khanaa
2124,chudan chudai
2125,chut
2126,chut ke baal
2127,chut ke dhakkan
2128,chut maarli
2129,chutad
2130,chutadd
2131,chutan
2132,chutia
2133,chutiya
2134,gaand
2135,gaandfat
2136,gaandmasti
2137,gaandufad
2138,gandu
2139,gashti
2140,gasti
2141,ghassa
2142,ghasti
2143,hagga
2144,harami
2145,haramzade
2146,hawas
2147,hawas ke pujari
2148,hijda
2149,hijra
2150,jhant
2151,jhant chaatu
2152,jhant ke baal
2153,jhantu
2154,kamine
2155,kaminey
2156,kanjar
2157,kutta
2158,kutta kamina
2159,kutte ki aulad
2160,kutte ki jat
2161,kuttiya
2162,loda
2163,lodu
2164,lund
2165,lund choos
2166,lund khajoor
2167,lundtopi
2168,lundure
2169,maa ki chut
2170,maal
2171,mc
2172,madar chod
2173,mooh mein le
2174,mutth
2175,najayaz
2176,najayaz aulaad
2177,najayaz paidaish
2178,paki
2179,raand
2180,randi
2181,saala
2182,saala kutta
2183,saali kutti
2184,saali randi
2185,suar
2186,suar ki aulad
2187,tatte
2188,tatti
2189,teri maa ka bhosada
2190,teri maa ka boba chusu
2191,teri maa ki chut
2192,tharak
2193,tharki
2194,madrchod
2195,bhnchod
2196,aaand mat kaha 
2197,aand mat kaha 
2198,aandal 
2199,aandu 
2200,aandupana 
2201,abla naari tera buble bhaari 
2202,amma ki chut 
2203,andh 
2204,apna land choos 
2205,apna lund choos 
2206,apna ma ko ja choos 
2207,apni gaand mein muthi daal 
2208,apni land choos 
2209,apni lund choos 
2210,apni ma ko ja choos 
2211,asal ka chuda 
2212,baap ke lavde 
2213,backar chodu 
2214,backarchodu 
2215,back chod 
2216,backchod 
2217,badeer 
2218,badir 
2219,badirchand 
2220,bahen chod 
2221,bahen ka loda 
2222,bahen ke laude 
2223,bahen ke takke 
2224,bahenchod 
2225,bahinchod 
2226,bahu chod 
2227,bakchod 
2228,bakchod billi 
2229,bakland 
2230,baklol 
2231,baklund 
2232,bakri chod 
2233,bakrichod 
2234,behen chod 
2235,behen ka laura 
2236,behen ke land 
2237,behen ke laude 
2238,behen ke lawde 
2239,behen ke lund 
2240,behen ke take 
2241,behenchod 
2242,behenkelaude 
2243,behnchod 
2244,benchod 
2245,beti chod 
2246,betichod 
2247,bhaand me jaao 
2248,bhadhava 
2249,bhadva chodika 
2250,bhadwa 
2251,bhadwe 
2252,bhadwe ka awlat 
2253,bhadwe ki nasal 
2254,bhag bhosdike 
2255,bhai chhod bhayee chod 
2256,bhai chod 
2257,bhainchod 
2258,bhais ke lund 
2259,bhandava 
2260,bhen chod 
2261,bhen ke laude 
2262,bhen ke lode 
2263,bhen ke lode maa chuda 
2264,bhen ke takke 
2265,bhen ki choot 
2266,bhencho 
2267,bhenchod 
2268,bhodhsike 
2269,bhonsriwaalaa 
2270,bhootnee ka 
2271,bhootnik 
2272,bhosad chod 
2273,bhosad raand 
2274,bhosadchod 
2275,bhosadi k 
2276,bhosadi ke 
2277,bhosadike 
2278,bhosadiwala 
2279,bhosda 
2280,bhosdaa 
2281,bhosdee kay 
2282,bhosdi 
2283,bhosdi k 
2284,bhosdi ka 
2285,bhosdi kalam 
2286,bhosdi ke 
2287,bhosdi wala 
2288,bhosdi wale 
2289,bhosdik 
2290,bhosdika 
2291,bhosdike 
2292,bhosdivaale 
2293,bhosdiwala 
2294,bhosdiwale 
2295,bhundi 
2296,bokachoda 
2297,bol teri gand kaise maru 
2298,booblay 
2299,boor 
2300,bsdk 
2301,buddha khoosat 
2302,buhtahnee ka 
2303,bulle ke baal 
2304,bumchod 
2305,bund 
2306,bund maraa le 
2307,bur 
2308,bur ka choda 
2309,bur ki chatani 
2310,burr 
2311,burr ke baal 
2312,bursungha 
2313,camina 
2314,cha cha chod 
2315,chachunder ki aulad 
2316,chhola phudakna 
2317,chhut ka baal 
2318,chinaal 
2319,chinaal ke gadde ke nipple ke baal ke joon 
2320,chinal 
2321,chipkai ki choot ke paseene 
2322,chipkali ke chut ke pasine 
2323,chipkali ke gaand ke pasine 
2324,chipkali ke jhaat ke baal 
2325,chipkali ke jhaat ke paseene 
2326,chipkali ki bhigi chut 
2327,chippkali ke jhaant ke paseene 
2328,chod ke bal ka kida 
2329,chodela 
2330,chodu bhagat 
2331,chooche 
2332,choochi 
2333,choochii 
2334,chood 
2335,choodasi 
2336,choodpagal 
2337,choohe ki moot 
2338,choot k bhoot 
2339,choot k pakode 
2340,choot ka baal 
2341,choot ka paani 
2342,choot ka pissu 
2343,choot ke bhoot 
2344,choot ke bhoot vaginal ghost 
2345,choot ki jhilli 
2346,choot marani ka 
2347,chootad 
2348,chootadchod 
2349,chootia 
2350,chootiya 
2351,chootiyapanti 
2352,chopre he randi 
2353,chudaai 
2354,chudaai khaana 
2355,chudaai khaani 
2356,chudai khana 
2357,chudail 
2358,chudan chudai 
2359,chudase 
2360,chudasi 
2361,chude 
2362,chudi 
2363,chudpagal 
2364,chudwana 
2365,chull uthna 
2366,chullu bhar muth mein doob mar 
2367,chup ke chut hai 
2368,chusnawala 
2369,chusnawali 
2370,chut 
2371,chut k dher 
2372,chut ka bhoot 
2373,chut ka maindak 
2374,chut ka nai 
2375,chut ka pujari 
2376,chut karo 
2377,chut ke baal 
2378,chut ke dhakkan 
2379,chut ke gulam 
2380,chut ke makkhan 
2381,chut ke pakode 
2382,chut ke pasine mein talay huye bhajiye 
2383,chut khujaane vaali 
2384,chut ki andhi 
2385,chut ki pyasi 
2386,chut mari ke 
2387,chut marike 
2388,chut se latka hua laude ka moot 
2389,chutan 
2390,chute 
2391,chutia 
2392,chutiya 
2393,chutiya chootia 
2394,chutiya ka bheja ghas khane gaya hai 
2395,chutiyah 
2396,chutiye 
2397,chuttad 
2398,chuttad chod 
2399,cuntmama 
2400,cutlkat lund 
2401,dalli 
2402,dhee chod 
2403,dhee ka lund 
2404,dheela lund 
2405,dheeli choot 
2406,dheli chut 
2407,dogla 
2408,fatay huay lundtopi ka 
2409,fatay huay lundtopi ka result 
2410,fate condom ka natije 
2411,fatey condom kay natije 
2412,fuddi 
2413,fudii k 
2414,gaand 
2415,gaand chaat mera 
2416,gaand gaand 
2417,gaand k baal 
2418,gaand ka baal 
2419,gaand ka khadda 
2420,gaand ka makhan 
2421,gaand ka pilla 
2422,gaand ke dhakan 
2423,gaand ki aulaad 
2424,gaand maar bhen chod 
2425,gaand maarna 
2426,gaand main danda 
2427,gaand main keera 
2428,gaand main lassan 
2429,gaand mara 
2430,gaand marau 
2431,gaand marna 
2432,gaand mein bambu 
2433,gaand mein kida 
2434,gaandfat 
2435,gaandkate kutte 
2436,gaandmasti 
2437,gaandu 
2438,gadha 
2439,gand mein danda 
2440,gand mein louda 
2441,gandi chut mein sadta hua ganda kida 
2442,gandi fuddi ki gandi auladd 
2443,gandkate kutte 
2444,gandmare 
2445,gandmasti 
2446,gandu 
2447,gandu saala 
2448,gandue 
2449,gashti 
2450,gastee 
2451,gasti 
2452,ghassad 
2453,ghasti 
2454,ghelchodia 
2455,ghondoo 
2456,gote 
2457,gote kitne bhi bade ho lund ke niche hi rehte hai 
2458,goti muh mein hai 
2459,gundmaraa 
2460,gundmari 
2461,hamari le rahe hai 
2462,haraam ka chuda 
2463,haraam ki chudi 
2464,haraam zaada 
2465,haraami 
2466,haraamjaada 
2467,haraamjaadi 
2468,haraamkhor 
2469,haram zaadaa 
2470,harami 
2471,harami ke pille 
2472,haramkhor 
2473,haramzaada 
2474,haramzade 
2475,harazyaada 
2476,havas 
2477,hazaar lund teri gaand main 
2478,hijdaa 
2479,hijde 
2480,hijra 
2481,hrami 
2482,hugna 
2483,hugnaa 
2484,jab tu paida hua tho aagey se ya peechey se nikla tha chutiya 
2485,jab tu paida hua tow aagey se ya peechey se nikla tha chutiya 
2486,janam jala 
2487,janam jali 
2488,januwar 
2489,janwar 
2490,jhaant 
2491,jhaant ka baal 
2492,jhaant ke jhature 
2493,jhaant ke pissu 
2494,jhaant ukhaadna 
2495,jhaat 
2496,jhaat chaatu 
2497,jhaat ka bhaaji 
2498,jhaat ke baal 
2499,jhaatoon saala 
2500,jhaatu 
2501,jhandu 
2502,jhant chaatu 
2503,jhant ke baal 
2504,jhat ke baal 
2505,jhat lahergaya 
2506,jhatoo 
2507,jhund 
2508,joo ke hagge 
2509,kaala lund 
2510,kaali kutti 
2511,kadak maal 
2512,kahe ko kha raha hai chut ki chapati aur lund ka beja? 
2513,kali choot ke safaid jhaat 
2514,kali chut ka safaid jhaat 
2515,kamina 
2516,kamine 
2517,kaminee 
2518,kaminey 
2519,katla 
2520,khade lund pe dhoka 
2521,khasmanu khaani 
2522,khota 
2523,khotey ki aulad 
2524,khotey ki aulda 
2525,khujju 
2526,klpd 
2527,kukarchod 
2528,kutchudi 
2529,kutha 
2530,kutha sala 
2531,kuthi 
2532,kuthri 
2533,kuthta buraanahe kandaa nahi pattaahe 
2534,kutiya 
2535,kutiya ke pilley 
2536,kutiyaa 
2537,kutta 
2538,kutte 
2539,kutte ka aulad 
2540,kutte ka awlat 
2541,kutte ka bachha 
2542,kutte ka beej 
2543,kutte ka lund 
2544,kutte ke aulaad 
2545,kutte ke pilley 
2546,kutte ke poot 
2547,kutte ke tatte 
2548,kutte ki aulad 
2549,kutte ki jat 
2550,kutte ki olad 
2551,kutti 
2552,kuttiya 
2553,kya kadak hai ye 
2554,kya maal hai ye 
2555,ladkichod 
2556,land ka bheja 
2557,landait 
2558,landue 
2559,landure 
2560,lauda 
2561,laudap 
2562,laude 
2563,laude ke baal 
2564,laude sale 
2565,lavda 
2566,lavde 
2567,lavde ka baal 
2568,lavde ke baal 
2569,lavde ke bal 
2570,lawda 
2571,lawde 
2572,lo mera lund anpi behen ko de do agar khud na chod paya 
2573,lo mera lund apni behen ko de do agar khud na chod paya 
2574,loda 
2575,lode jesi shakal ke 
2576,lode ke baal 
2577,lodey jaise shakal teri 
2578,lodu 
2579,loduu 
2580,londiyachod 
2581,lowde ka bal 
2582,lund 
2583,lund choosu 
2584,lund chus 
2585,lund chuse 
2586,lund fakeer 
2587,lund fakir 
2588,lund fekh ke maroonga toh tera poora khandan chud jayega chutmarike 
2589,lund k laddu 
2590,lund ka baal 
2591,lund ka bheja 
2592,lund ka shorba 
2593,lund ke pasine 
2594,lund khajoor 
2595,lund luhnd 
2596,lund mera muh tera 
2597,lund pe chad ja 
2598,lund pe thand hai 
2599,lund phek ke marenge khandan chud jayega 
2600,lundfakir 
2601,lundoos 
2602,ma chudi 
2603,maa chudaa 
2604,maa ka lauda 
2605,maa ke bable 
2606,maa ke bhadve 
2607,maa ke bhadwe 
2608,maa ke laude 
2609,maa ki aankh 
2610,maa ki choot 
2611,maa ki chut 
2612,maacho 
2613,maachod 
2614,maachodh 
2615,maadar chowd 
2616,maadarchod 
2617,maadher chod 
2618,maakelaude 
2619,maal 
2620,maal chhodna 
2621,maarey hue chipkili ki unday 
2622,machod 
2623,machodh 
2624,madar chod 
2625,madar jaat 
2626,madarchod 
2627,madarchod ke aulaad 
2628,madarchodh 
2629,madarjat 
2630,mader chod 
2631,madharchod 
2632,maha gaandu 
2633,mahder chod 
2634,mahderchod 
2635,mai chod 
2636,maichod 
2637,mamme 
2638,mammey mummaye 
2639,mangachinamun 
2640,mast maal 
2641,mc 
2642,mein teri maa ko liya tha uski suhaag raat pei 
2643,mein teri maa ko teri bahen ki choot mein chodoonga aur tera baap laltern lekar aayega 
2644,mein teri maa ko teri bhen ki choot mein chodoonga aur tera baap laltern lekar aayega 
2645,mera chunni choos 
2646,mera ganna mere dil se bada hai 
2647,mera gota moo may lay 
2648,mera lund choos 
2649,mera lungi me havas ki aag lagi hai 
2650,mera muhme le 
2651,mera mume le 
2652,mere chuus maro 
2653,mere fudi kha ley 
2654,mere pass nile rang ke gend hai 
2655,meri gand ka baal 
2656,meri gand ka khatmal 
2657,meri ghand ka baal 
2658,meri lund choos 
2659,meri lundh choos 
2660,mome ka pasina chat 
2661,moo may lay mera 
2662,moot 
2663,mooth marna 
2664,mootna 
2665,mu c waale 
2666,mujhe aap ki chut chahiye 
2667,mujhe aap ko chodna hai 
2668,mujhe aap ko thokna hai 
2669,mujhe chodne ki bhukh hai 
2670,mujhe chut chahiye 
2671,mujhe chut marni hai 
2672,mujhe ko chodna hai 
2673,mujhe tumhe chodna 
2674,mujhe tumhe thokna 
2675,mujhe usko chodna hai 
2676,mutar 
2677,muth maar 
2678,muth mar 
2679,muth marna 
2680,mutth marna 
2681,mutthal 
2682,na choot na chooche nakhre noor jahan ke 
2683,naali ka keeda 
2684,najayaz 
2685,najayaz paidaish 
2686,paagal choda 
2687,paagalchoda 
2688,parichod 
2689,phatele nirodh ke natije 
2690,phuddi 
2691,pig ki tatti 
2692,pille 
2693,raand 
2694,raand codha 
2695,raand ka jamai 
2696,raand ka pati 
2697,raand whore 
2698,raandi baajer 
2699,rakhail 
2700,rand 
2701,rand chod 
2702,rand ki moot 
2703,randawa 
2704,randhwa 
2705,randi 
2706,randi baj 
2707,randi chod 
2708,randi ka bachcha 
2709,randi ka choda 
2710,randi ka larka 
2711,randi ke baal 
2712,randi ke bacche 
2713,randi ke beej 
2714,randi ke dalal 
2715,randi ke jhaant ke toote hue baal 
2716,randi ki aulaad 
2717,randi ki aulad 
2718,randi ki chut 
2719,randuaa 
2720,randwa 
2721,randwe 
2722,rubber bhosda 
2723,rundee 
2724,rundi 
2725,rundi apni chut leka ana 
2726,rundi ka bacha 
2727,rundi ke tatti pe biathne wala makhi 
2728,rundi khana 
2729,rundi ki bachi 
2730,rundi ki tatti pe baithne waali makkhi 
2731,rundi ki tatti pe baithnewaali makkhi 
2732,rundi ko chod 
2733,rundi ko choud 
2734,rundi ko chowd 
2735,saala 
2736,saala betichod 
2737,saala kutta 
2738,saale 
2739,saali kutti 
2740,sab ka lund teri ma ki chut mein 
2741,sadi hui gaand 
2742,sadi hui gand 
2743,sala 
2744,sala kuttaa 
2745,sale 
2746,sali kuta 
2747,sali kutti 
2748,sardar fuda singh 
2749,seal bund 
2750,sewwer ki bachi 
2751,sooar 
2752,soover 
2753,soower ki bachi 
2754,suar 
2755,suar ki tatti 
2756,sust lund ki padaish 
2757,suvar chod 
2758,suwar ki aulad 
2759,suwwar 
2760,suwwar ka bachcha 
2761,suwwar ke lund 
2762,suwwar ki bachchi 
2763,suwwariya 
2764,suyar ke baacho 
2765,tatte masalna 
2766,tatti tatte masalna 
2767,tei maa ki gaand me bhi 
2768,tera baap ki chut aur maa ke laude 
2769,tere adha nirodh mein rah gaya 
2770,tere baap ki chut mai teri maa ka land 
2771,tere baap ki gaand teri chute mai chuglee 
2772,tere gaand mein keede paday 
2773,tere maa ka bur 
2774,tere maa ko sau kutte chode sau wa tera baap! 
2775,tere maa ko sau kutte chode ñ sau wa tera baap 
2776,tere mai ki chut baap teri maa ka land 
2777,terey baad di gaand wich danda ghussa ker rakh dhungi 
2778,terey baad di gaand wich dhanda gussa ker rakdhungi 
2779,teri behen ka bhosda faadu 
2780,teri behen ka lauda rubber ka 
2781,teri behen ka launda rubber ka 
2782,teri behen ka lavda rubber ka 
2783,teri bhen ki gaand me ungli karunga 
2784,teri bhosri mein aag 
2785,teri biwiko teri saamne chodhunga 
2786,teri biwiko theri saamne chodhunga 
2787,teri gaand main kute ka lund 
2788,teri gaand me danda 
2789,teri gaand mein haathi ka lund 
2790,teri gand mai ghadhe ka lund 
2791,teri gand mein haathi ka lund 
2792,teri jhanten kaat kar tere mooh par laga kar unki french beard bana doonga 
2793,teri ma chadha ka lund choos 
2794,teri ma gadha ka lund choos 
2795,teri ma gandi rundi 
2796,teri ma ki budh mein chaarpai bichhake teri bahen ko chodun 
2797,teri ma ki bund mein chaarpai bichhake teri bhen ko chodun 
2798,teri ma ki choot me hathi ka dum 
2799,teri ma ki chut mai sabka lund 
2800,teri ma ko kutta chode 
2801,teri maa ka 
2802,teri maa ka bhosda 
2803,teri maa ka bhosra 
2804,teri maa ka boba chusu 
2805,teri maa ke bable 
2806,teri maa ke bhosade ke baal 
2807,teri maa ke bobe kha jaunga bhosdi ke 
2808,teri maa ki bimaar badboodar choot 
2809,teri maa ki choot 
2810,teri maa ki choot me hathi ka dum 
2811,teri maa ki choot me kutte ka lavda 
2812,teri maa ki chut 
2813,teri maa ki chut mai sabka lund 
2814,teri maa ki chut mein chatri leke ghus jaunga aur khol dunga 
2815,teri maa ki chute 
2816,teri maa ki gaand ki baal mein jalaay hue 
2817,teri maa ki gaand ki baal mein jalaay hue maarey hue chupkili ki unday 
2818,teri maa ki maari choot 
2819,teri maa ki phudi guy ki hai 
2820,teri maa ki sukhi bhos 
2821,teri maa ko chodun 
2822,teri mi di kussi mey tera sarra khandan ko ggussa ker rakhdoungi 
2823,teri mi di kussi mey tera sarra khandan ko ghussa ker rakh doonga 
2824,teri phuphi ki choot mein 
2825,tharki 
2826,theri biwi ko tere saamne chodhunga 
2827,toota hua lund 
2828,tor mai ke chodho 
2829,tu tera maa ka lauda 
2830,tum chutiya ho 
2831,ulloo choda 
2832,ulloo ka patthaa 
2833,ullu ke pathe
2834,Bewarsi
2835,Mukli muchkondu kutko
2836,Mukli tuth
2837,Rande
2838,Randi magane
2839,Saak thika muchappa
2840,shraddha
2841,Soole Maga
2842,Tulla
2843,Aab
2844,baaz akh de
2845,babba aasus manz choosni
2846,babbe kache chatai
2847,bablyaath
2848,be lakhay beni
2849,beni gooud
2850,Beni lakhai
2851,beyani goood
2852,bh lakhai che
2853,Brahman chaenk
2854,Chaaan
2855,chakij
2856,chakjeh goud
2857,Chapin
2858,che chui mazze lakhnas
2859,Choti travi marchevangan
2860,Chotul
2861,chwath
2862,Dagaddalli maa de bacheio
2863,Dawa woal
2864,diyanawaan
2865,duniyah che khap
2866,Fhalaan
2867,fis
2868,Gaan
2869,gaani bach
2870,Gees
2871,ghain
2872,Gooid prah
2873,Goudi Sawaer
2874,guude
2875,Ha kole madarchoda
2876,Hahra
2877,haramuk
2878,Hasna
2879,Haspataal
2880,houn goudiuk
2881,kani jung
2882,Khade daez
2883,khape chraethe
2884,khapkhap
2885,Kucher
2886,laith
2887,langan dimay darith
2888,lazmai bene
2889,lazmai goudis
2890,Lazmaiye Mael Sinze Kori
2891,Lazmayi babbun
2892,lazmie lyath
2893,Lechmayaa benzi
2894,Lezmaye Lyaath
2895,liyath chani goodis
2896,lyaath
2897,lyath kal
2898,lyathee kale
2899,Lyathh
2900,Ma lakh goudis
2901,maaji gooud
2902,maaji lakhai
2903,maeji guudh
2904,maeji lyaath
2905,maelis lakhai
2906,mambre kalle
2907,Meethir
2908,Momri Kalle
2909,MUAMD
2910,Mumer
2911,Mye kya zok kadkhe
2912,Naer
2913,Pael
2914,phutyaa poon
2915,ponas lakhai
2916,ponas manz chu chout kieom
2917,Ponne Tecczh
2918,Poon
2919,poonus lakhai
2920,rath mein lyath
2921,sa here tok mi haijla
2922,Sabzi woal
2923,Seel tuluai
2924,seous good
2925,Siiech
2926,Sous
2927,Taech
2928,tche che baji bab
2929,thapi karani
2930,Watul
2931,Zakal ponz
2932,Zang
2933,Zinhook
2934,zoake goodh
2935,zok
2936,zokke poan
2937,Zokkk
2938,Gandah kullah pudha
2939,Gandhu
2940,Gandhu bastar
2941,Hanzeer da puthar
2942,Jannay na puthar
2943,Kalayah
2944,Khotah
2945,Khotay da puthar
2946,Kuttah
2947,Kuttay na puthar
2948,Kutthi
2949,Lan choop
2950,Lofar
2951,Mammay
2952,May thara pudha marsah
2953,Nikki lan
2954,Pahari ki aulad
2955,Pudhu goray
2956,Randi na puthar
2957,Yadeenah
2958,Aavoi Zovno
2959,Avoichi/Maichi Fudh
2960,baakri
2961,babak zovnya
2962,Babay Aand
2963,bainik zovnya
2964,bewarshi
2965,Bhikarchot
2966,Bhokan bot
2967,Bokan bot
2968,Chedi
2969,Chedye kastachya
2970,Chedyecho
2971,Chont
2972,Chontli
2973,Colwont
2974,daba daba
2975,Fodo
2976,Fodri
2977,Fuddri
2978,Fude
2979,Gaand
2980,Gadith
2981,ganDi bot gaali
2982,gandi ke bot davari
2983,GanDi votto
2984,Guru
2985,kick your ass
2986,maari
2987,Maichi fud
2988,masti pisso
2989,minni
2990,momme
2991,momo
2992,moshye fudd
2993,muje bonk lew
2994,paadu
2995,Popoot
2996,Potachea
2997,Potnechya
2998,rande puth
2999,Randecho
3000,Shent
3001,shet maar pilluk
3002,sunna manngo
3003,sunne jati che
3004,Tu Zovlo Khubyakarnicha chedvak
3005,Tu Zovlo Khubyakarnik
3006,tugile gaandi
3007,Tujya Baye Fodo
3008,ubyani zhovta
3009,zhenge
3010,Zonyachea
3011,zov babak
3012,Zov Bai
3013,zov rangyak
3014,amaa fui
3015,Amaa fui
3016,Amaa handhaan kurey
3017,amaa thalhaa
3018,Badi
3019,Buri Loa valhu
3020,Fada boe
3021,Fada boey
3022,Fada Thiki
3023,Fatha folhi
3024,magey foah boe
3025,mani boe
3026,Nagoo balhu
3027,nagoobalhu
3028,"""Ninde ama, pati!"""
3029,Aaana kunna
3030,aan-vedi
3031,achante andi
3032,Achinga Kunnan
3033,adichu poli
3034,Ajoli ka Thajoli
3035,ammaudi pootil poocha
3036,amminhnha
3037,Andi pidiyan
3038,anna kunna
3039,appikunna
3040,arraykku chuttum poorruu ullaval
3041,avaraathi
3042,avarathi mone
3043,chalam nakki
3044,Chandi
3045,Chokka lingam
3046,coondi
3047,Da patti
3048,eli kunna
3049,Ettukali Patti Pooran
3050,inchi mola
3051,johninte andi
3052,kaatu poori
3053,kallel oouuki
3054,kandara oli
3055,kandi
3056,kandi theeni
3057,Kandu
3058,Kanni
3059,Kanni mola
3060,kara vedi
3061,karim kunna
3062,karim pooran
3063,katta thayoli
3064,kazhappu perutha mairan
3065,Keepu
3066,Kettal
3067,kodam nakiii
3068,Kolekkeri
3069,Koothara
3070,Koothi
3071,Koothichi
3072,kotham
3073,kotham kalakki
3074,kotham nakku
3075,Koyimani
3076,kuch
3077,kulamavuka
3078,kundan
3079,kundaroli poori mone
3080,Kundi
3081,Kundi mon
3082,Kundi oota
3083,kundimol
3084,kunji kunnan
3085,kunna
3086,Kunna
3087,kunna chappu
3088,Kunna Oli
3089,Kunna paal
3090,Kunna thayoli
3091,kunna urunji
3092,kunnappal
3093,kushukk
3094,Lick Me
3095,malayalam
3096,Maratel ooki
3097,Masa
3098,Mattanga Poore
3099,Mayiradi mon
3100,Mlechan
3101,mola
3102,moonchikko
3103,Mula Adi
3104,mula chappu
3105,mula kashakku
3106,mula mol
3107,Myir
3108,Myre
3109,Myrru
3110,Naayi meedan
3111,nayinte mone
3112,Nayinte Mone
3113,Nayinte Monne
3114,ninde andi maire
3115,Ninte ama koondi ishtima
3116,Ninte ammakku vettu nayinte mone
3117,Ninte ammaku vetu
3118,ninte ammeda tar
3119,Ninte Ammede Kothil.
3120,ninte ammede pooru
3121,Ninte ammede thenga mairu
3122,ninte appante andi
3123,Odu myre
3124,ookki
3125,oomban
3126,oombi mon
3127,Oooomb
3128,Ootan
3129,paara pooru
3130,paareel ookki
3131,Pacha tayolli
3132,Pachila Pooran
3133,Paik keriko myra
3134,paiku vetti
3135,pala thanthakkundaya thaoli
3136,pallinedayil kanthu
3137,pambara kutichi
3138,pampara thayoli
3139,panchavarna kunna
3140,pandi kallan
3141,panniyoli
3142,para andi oomba
3143,Para kutichi
3144,para thayoli punda mon
3145,parii
3146,pathala poor
3147,patti poori mon
3148,patty theettam
3149,Pela molichi
3150,Pela vedi
3151,pela vedi kandaroli
3152,petty
3153,Pezhachu Pettavan
3154,Poda Thayoli
3155,podda Patti
3156,pola vettu
3157,poochi
3158,Pooranddi
3159,poore ennayil tenni veetil poda
3160,Poori mone
3161,Poorri
3162,Pooru
3163,pooru
3164,Pooru Montha
3165,poottaavi
3166,poottile mathycurry
3167,poyi ninte kunna oombadaa
3168,poyi oombada
3169,praa thayolli
3170,Puchi
3171,pudti puliyadi
3172,Pulayadi monae
3173,pundachi mone
3174,Purusha Vedi
3175,rainayude poore
3176,Santhosh Pandit
3177,Shukla mughan
3178,shuklam dheeni
3179,shuklam nakki
3180,Takkali pooru
3181,Thaayoli
3182,thabala pooran
3183,thakara thayoli
3184,Thallayoli
3185,Thalleyoli
3186,thayolee
3187,thayoli
3188,Thayoli
3189,thayoli idli
3190,Thayoli idli
3191,Theetam
3192,theetta moran
3193,theettam
3194,theettathel ookki
3195,THENGA MYRE
3196,Thenga pooru
3197,Thevadichi
3198,Thokolli kalla sami
3199,Thukal Kunna
3200,umman
3201,vada
3202,Vadam vali
3203,vali
3204,Vayilitto
3205,vedi
3206,vedi pura
3207,vedi vekkuka
3208,Veppatti
3209,veshya / veshi
3210,vettukili
3211,Viral Iduka
3212,vouvalinu undaya thayoli
3213,aai chi gand
3214,Aai ghalya
3215,aai javada
3216,aaichya gavat pay
3217,Aandya
3218,ai zawlee
3219,akkar mashi
3220,Aye Jhaatu
3221,ayica dana
3222,Badak Zawarya
3223,Bhadavya
3224,Bhikaar Chot
3225,Bhosada
3226,Bin gotyaachya
3227,Bulli chokya
3228,Chhaiyla
3229,Chhinal
3230,Chinaal maichya
3231,chinal
3232,chut marichya
3233,Chut Marichya
3234,fodri pisaat
3235,Fodricchya
3236,fokanchidy
3237,Foknicha
3238,Gand khaya
3239,Gand phatli bhenchod
3240,Gandit Ghuslo
3241,Gandoo
3242,Gav Zawadi
3243,Hepari
3244,Jhavadya
3245,Kanadal
3246,khargatya gandicha
3247,Khullya lavdyacchya
3248,lal gandya
3249,Laudu
3250,Lavadya
3251,Lingapisat
3252,madarchod
3253,madarchoth
3254,marathi
3255,Muttha
3256,Paadar Gandichya
3257,pachi bota bhundyat
3258,phodarphatya
3259,Phodree Pisat
3260,Pucchi Khajvya
3261,puchi
3262,Raandichya
3263,Randechya
3264,Shanya lavdyacchya
3265,shata ki chutney
3266,shattya
3267,Shebnya
3268,Telkat Randi
3269,tondaat gay
3270,tujha aila kutryawani zawin
3271,tuji ai mutli madkyat phala-phala
3272,Tuji aiee chi gaand
3273,Tujya aaicha puchha
3274,tuza baap dhandewala
3275,tuzi aai padli madkyat
3276,tuzi aai padli tuzya tondat
3277,tuzua aaichi pucchi viskatli 40 ekrat
3278,Tuzya aai chi Phodree
3279,tuzya aaicha foda
3280,tuzya aaicha lavda
3281,tuzya aaichi gand
3282,tuzya aaichi pucchi
3283,tuzya aaichya gandit mungya
3284,tuzya aaichya pucchila chavla kutra
3285,tuzya aaichya pucchila chavla sap
3286,tuzya aaila zavla kala kutra
3287,Tuzya aii zavneya tuzya baapla
3288,Tuzya bapacha pay adakla sandasat.
3289,Tuzya gaandit paay
3290,Yadzava
3291,yadzavya
3292,Yeda lavdya
3293,zavadya
3294,Zavkhor
3295,zavnya
3296,Adarsha
3297,Bandar Ko Chaak
3298,beshya
3299,Bhalu
3300,bhalu ko poi
3301,Bhalu lai chik muji
3302,chaak ko pwal
3303,chahk
3304,chahk ko dulka
3305,chak cha
3306,Chaman
3307,Chick-day
3308,Chickne
3309,condo
3310,condo hannay
3311,Dhoti
3312,dudh
3313,fushi kha
3314,Gadha
3315,gand faat cha
3316,Geda
3317,Gidi Haps
3318,goo kha
3319,Goo kha
3320,goo khai-ra morr
3321,Gula chus randi
3322,gula kha
3323,Jantha
3324,Kando
3325,Kangres
3326,Kukkur
3327,kukur chikni
3328,laando kha
3329,lado
3330,Lado
3331,Lado chus
3332,lado cocha
3333,Lado kha
3334,Lado ko tuppo
3335,lamto
3336,Lang Lang
3337,ma shaala
3338,maa chikney!
3339,Maa chikni
3340,Maa Rondi!
3341,Machikne
3342,Madhesi
3343,mandale
3344,maobadi
3345,mero fushi kha
3346,moot
3347,mootday
3348,moreko
3349,moreko manchi
3350,Morr Sali Morr!
3351,morryo
3352,Mugi
3353,Muji
3354,murda
3355,muzy
3356,pahadi
3357,pinko
3358,Prachanda
3359,Puti Chat Chu
3360,puti kha
3361,puti ko jhol
3362,Putin Chaat
3363,radi ko puti
3364,Randi ko baan
3365,Randi ko Ban
3366,randi ko choro
3367,randiko choro
3368,sungghur
3369,turi tauke
3370,Tutturay
3371,ABHADRA
3372,Baanda
3373,Bada bou ghia
3374,banda
3375,Banda
3376,banda chhod
3377,Banda mundi
3378,BARBARA
3379,Batakara (pela)
3380,bedha bia
3381,Bedha toka
3382,Bedha Toke
3383,bedhei
3384,Bedhei pua
3385,bhauni giha
3386,bia fata mada
3387,bia ku darkar jaghanya gihan
3388,Biaa
3389,Bija
3390,Biya chudi
3391,Bujula
3392,chodipua
3393,chukiba
3394,dana
3395,Faizan
3396,fusa chata
3397,fusa kura
3398,Gaandiaa
3399,gandi
3400,Gandi gia
3401,Gandi Mara Sankara
3402,Gandire Banda
3403,Gayee de
3404,gehiba
3405,Ghoda Gehin Pua
3406,Ghoda Ghein Bedha Toke
3407,Ghusuri ghiaa
3408,Goola gandha
3409,gosti gian
3410,Guola
3411,Hagura magia
3412,Han ta nalire goithe
3413,hinjada
3414,hinjida
3415,Laathi biya re kaathi
3416,Maa bia ra pua
3417,Maa ghia
3418,Maa gia
3419,maagya
3420,madarchaut
3421,Mankada ghiya
3422,mankada giha
3423,mo priya ra bia re lagichi nia!!!!!
3424,Mo Priya ra Gandi re Niya
3425,Moro banda chaape
3426,Mu tomo bhallo pauchu
3427,Muuthi mara magia
3428,naani bia re ghian
3429,Nanna gia
3430,PASANDA
3431,Pela
3432,Pela phata maada
3433,pelei pua
3434,Pelei pua
3435,Pelei Puo
3436,PUDI
3437,randa (Pronounce Ra as robbery not as rabbit
3438,Randa ku banda dhamakani
3439,Randi puo
3440,senti
3441,Senti
3442,Tate Gehibi
3443,Thoola phata maada
3444,To bhauni bia re ghia
3445,To bou BIA
3446,To Gandire Ghien
3447,To Gandire Mo Banda
3448,To Maa Bia re ghein
3449,To Maa Biya Re Ghen
3450,To maa ku gihe
3451,to maa ku kukur gaheun
3452,To Maipa Biaare gihen
3453,To Maipa Biaare Gihen
3454,To Maipa Gandi maribi
3455,To Maipa Gandire gihen
3456,bakvas
3457,bhen chod
3458,Choohi
3459,Fudu
3460,Haram Jaada
3461,kalan
3462,kudi chod
3463,Kuri yani
3464,kuri yawa
3465,Kuthe Di Poosh
3466,Kuthe Kambakhte
3467,Laaaaauvre
3468,Lan di Jhoon
3469,lun tay charja
3470,Lun te Waj
3471,Momay
3472,Pan chod
3473,peyu di gand vich ungal
3474,Phuddy
3475,soor da lora
3476,teri maa di fudi
3477,Teri paan di chiter
3478,Teri pan di lun
3479,tutoo
3480,Tutti
3481,Bagul butcha
3482,Bewakoof
3483,Bhen da shola
3484,Bhen Da Yaar
3485,Bhenchod
3486,Bhenchode
3487,bhonsdu
3488,Bibi di fudi
3489,bokki
3490,Bondu
3491,bondu
3492,bund
3493,Bund
3494,bund de
3495,Bund Mara
3496,Bund marr
3497,chaval
3498,Chitta Bander / Kalla Bander
3499,Chitterchort
3500,choos mera badaam
3501,chutha
3502,Chutiyaa
3503,chuttiya
3504,dallah
3505,Dhila lan de padiash
3506,Fooduu
3507,fuddi hayon da
3508,fudi
3509,Fudi chut
3510,Fudi da tataa
3511,fudi fry karna
3512,fudi hyounda
3513,gand
3514,gandu
3515,Gandu
3516,ganndu
3517,Gashti
3518,ghashti
3519,haram da
3520,harami saale
3521,Haramjada
3522,Jaa apne braah nu chod laa
3523,kala lulla pi
3524,kanjar
3525,Kanjar
3526,Kanjari
3527,Kenjer
3528,Khota
3529,kissey kuti ma da puttar
3530,Klatch
3531,Kuta
3532,kuta
3533,Kutha
3534,kuthay da puthar
3535,Kuthi
3536,kuti
3537,Laan tare mow nee
3538,lan chat
3539,lan choos
3540,Lauda
3541,Lul
3542,lula bahonder tup
3543,lula chooshe
3544,Lun
3545,Lun choos
3546,Lun Chung
3547,Lun kurra how gaya
3548,lun te charrh
3549,Lund
3550,Lund Chuss
3551,Lunni
3552,Ma chod
3553,ma di podi
3554,maa-jhouda
3555,Maan Da Yaar
3556,MaanChod
3557,Mamai
3558,Mamai Chuss
3559,mamai patta
3560,mango
3561,mao ni puddi
3562,matarchod
3563,Mau ni yakk
3564,Meh tera tueh vich aangliyan devan
3565,Menu zor nal lan mar
3566,Mera lan sakht ah
3567,Mera lan tera tueh ki paarsi
3568,Mera lun choos ta aangly mar
3569,mera lund teri bund de betch
3570,mere lund tey charr ke nach!
3571,Meri Tutti Kha
3572,Mume
3573,Muth Maar
3574,nuts ko suck kurrow
3575,pad mar
3576,Pan da yaar
3577,Panchod salaa
3578,Peshaab
3579,phen chodtha
3580,poo
3581,Pud
3582,Puddu
3583,Pudhi avandeya
3584,Pudi
3585,randi
3586,soor
3587,Tatte
3588,tatte chaude
3589,tatte fad lo
3590,tatte hayon da
3591,taxi
3592,Teri Bhen Dee Fuddi Mari
3593,teri bhen di ghusi
3594,teri bund ch lakad
3595,Teri bund marni aa
3596,teri fudi wich lul marya
3597,Teri ma da ghusa
3598,Teri ma di khali phudi
3599,Teri ma the fudi
3600,teri maa da fudda
3601,teri maa da posrha
3602,Teri maa dai ccholay
3603,teri maa dee tutee swaad ya
3604,Teri maa di gandi phuddi
3605,Teri Maa Di Koosii Kay Uppar !
3606,teri maa di pudi vich lath
3607,teri maa nu lund
3608,Teri Maan Dee Fuddi Mari
3609,teri paan dee lund
3610,Teri paan di fudi parrne
3611,teri paen nu lan
3612,Teri pain dha pahraya hoya phudda
3613,teri pen da pudda
3614,terri ma di fuid parne
3615,topa
3616,Topa
3617,Topa te beja
3618,Tu Bhen Da Yaar
3619,Tu Maan Da Yaar
3620,tu vich leni daa.
3621,Tutta
3622,Tuttay
3623,Guddha naku
3624,Guddha pagala dengutha
3625,aathulu
3626,aathulu peeku
3627,aathulu peekutha
3628,Aati Mokka
3629,akka bokka lO naa sulla
3630,akka nee pooku dengutha
3631,amma pooku ki baanisa
3632,amma pooku lo arati pandu
3633,ATTHA POOKU DENGINA ALLDU
3634,bochu
3635,Bosudi
3636,chilipiga thittatam
3637,Chitthu Pooka
3638,Dengithe dayyalu pudatai
3639,Dengu
3640,doola lanja
3641,Gaadida Pichaloda
3642,Gaja madda
3643,golli cheeku ra kodaka
3644,golli chekutha lanja
3645,Gudda
3646,gudda
3647,gudda naaku
3648,Hasta Prayogam chai
3649,Jinniappa
3650,kammani pooku
3651,Kojja
3652,Konamodda
3653,kukka -pooka
3654,kukka sulli
3655,Kuthuru vongudu..alludu dhengudu
3656,LANGA VIPPAVAE LANJAA
3657,lanja
3658,lanja - kodka
3659,Lanja munda
3660,lanja pooka
3661,Lanjakodka
3662,Marmangam
3663,Modda
3664,modda cheeku lanja
3665,MODDA KUDUVU
3666,modda naaku
3667,modda notlo petti dengutha
3668,"modda, lavada, daddu, magatanam"
3669,"muchchika, chanu mona"
3670,muddy lo velu petuko
3671,naa modda gudu
3672,Ne akka nu denga
3673,ne akkan ma kukka dengha
3674,Ne amma pukkulo naa modda
3675,ne jathini kukka denga
3676,ne notlo naa suli
3677,Ne pookula na sulli
3678,Nee aali pookulo Rampam
3679,NEE AKKAANI DENGAA
3680,nee akkanu denga
3681,NEE ALINI DENGAA
3682,nee amma guddani denga
3683,nee amma kuttani denga
3684,Nee amma roju na modda cheekuthundi
3685,NEE AMMANI DENGAA
3686,nee ammanu denga
3687,nee ammanu dnegu
3688,nee kooturu ni denga
3689,nee notlo naa sulli
3690,nee pallu super
3691,nee pellaanni denga
3692,nee pooku chekutha
3693,nee pukulo naa sulli
3694,Ni akkani pandulu denga
3695,Ni pukla na madda
3696,nihar
3697,Nihar (or) banda pooku
3698,ninnu dengutha
3699,Nuvvu nee yendipoyina sulli
3700,PEDDA SALLADHI
3701,Pichi Pukoda
3702,Pichi Pukudaana
3703,Poi voungu ra
3704,Pooku
3705,pooku
3706,"pooku, dimma, pappa, bokka"
3707,Poooku chinchu
3708,pukku naaku
3709,Puku Peka adistha
3710,puthhi
3711,sachinoda
3712,sallu dengutha
3713,SANALO BOCHHO
3714,shaata
3715,Sravan (or) konda verri pooku
3716,sulii
3717,Sulli pattu
3718,Teja (or) adivi pooku
3719,Teja trivikram (or) adivi pooku
3720,thurku valagodtha
3721,Vattakai
3722,vattalu
3723,Vedhava
3724,verri puka
3725,vongo petti dengutha lanja
3726,aaja choos mera lurs
3727,Aap ka aana
3728,apna lun cuti shur
3729,"Balal, mera noonoo na choop se"
3730,Behn ki chutar
3731,Bhadwe Ki Nasal
3732,bhai chode
3733,Bhen chot
3734,Bhen ke lorray
3735,bosard chodi kay
3736,Bund ke Biryani
3737,chatt merai tattai
3738,Choom meri Gaand
3739,Choos Mera Lora
3740,chooth kay pakoray
3741,choti se luli
3742,Chupa la lay
3743,Chut ke chatney
3744,dalla
3745,dari moni pudi mari
3746,deli mali guti
3747,doe dolla raandee
3748,Duffah oja
3749,eik dolla raande
3750,gaand chamchi
3751,gaand ka bukhaar
3752,Gaddha
3753,ghandoo
3754,Ghasti Kay Bachay
3755,haraam salle
3756,Haraamzada
3757,Haraamzadi
3758,haram salla
3759,jhaant kay baal
3760,kaala bandar
3761,Kamina
3762,kanjeri kay bachay
3763,Khuss madri kay
3764,kute liche ho chublo
3765,kutee chode
3766,kutta
3767,Kuttay ka bacha
3768,kutte ka ghanta
3769,Kutti
3770,kutti ka bacha
3771,lalchi kutte kaa bacha
3772,Lola/Lula
3773,looly
3774,lora le kay nach mera
3775,Lula mu ki lan
3776,lulmuah
3777,Lun Chuse
3778,Lund Pe Charh
3779,Maan Chod
3780,Maan kay laurday
3781,madarugly
3782,Mather chot
3783,Mayyaada
3784,meera loora choo so
3785,meli mali guta
3786,mera laan choop
3787,monney podey
3788,moomeh
3789,muth ki malai
3790,Myyaada
3791,pancho
3792,peasah nah mahr
3793,Phudi
3794,poody
3795,Randee ka bacha
3796,Randi ki nasal
3797,rundi ka bacha
3798,Shudra Lund
3799,Tamil Lund
3800,tari beh na puda paarsan
3801,Tattay chooso
3802,tattee choad
3803,tere bhen meri chod hain
3804,tere gand maroo
3805,Teri Gaand Main Kutta Mutre
3806,teri gand ma keera hai
3807,teri gand mera lun hai
3808,teri ma khuti
3809,Teri Ma ki choot
3810,Teri Ma Ko Kuttey Chodein
3811,teri maa ki phudi
3812,Toomaray tattay baraay pahraay heh
3813,tu tho meri chod ki tara :P
3814,Uloo Ki Pata
3815,Uloo Ki Pati
3816,ulu chod
3817,abu gidir
3818,Bazari
3819,Bima khoigra
3820,Bima khoygra
3821,Bimani fishai
3822,Bwitali
3823,Cfa swlangra
3824,Hinjao maogra (khoigra)
3825,khilama
3826,Khoynai
3827,Lwdwi
3828,Nwma shifa
3829,Nwmani abu
3830,Sifa gudung
3831,Sifa jagra
3832,sifa jagra
3833,Sifa swlagra
3834,Sikwmwn
3835,maari tatoori ne chalay
3836,Akbaruddin Owaisi
3837,Alloo Bhosri Chaat
3838,Anuj
3839,Babhuchak
3840,bai no bhosdo
3841,bein chod
3842,Benchod
3843,Bhadvo
3844,bhenchod
3845,Bhoot
3846,Bhopa
3847,Bhos marina
3848,Bhosad Pappu
3849,bhosdo
3850,bhosrini
3851,bobla
3852,Bobla Vagarni Baydi
3853,Bosrichord
3854,bosrina
3855,Buckwass
3856,Budhalal
3857,chafu gaan
3858,Chichi
3859,Chod
3860,Chod ami
3861,Chodhru
3862,chodkanya
3863,Chodu
3864,chupri lauri
3865,Chutiya
3866,Darshil
3867,Dheela Lund Ni Olaad
3868,Eapen
3869,Fattu
3870,gaan tari
3871,Gaand Ghapli
3872,Gaand Ma Ghal
3873,"gaandina, gandina"
3874,Gand nu kaanu
3875,gandi chodina
3876,gando
3877,Gando salo
3878,gel ghagharina
3879,Ghel Chodyo
3880,Ghelchoydi
3881,Halki Raand na
3882,Harsh Dalal
3883,harshit
3884,hopa
3885,Huzefa
3886,jaaro
3887,Jhadhino!
3888,Jignesh Mevani
3889,karo loro
3890,kem chho
3891,kutari
3892,Lakhota
3893,Land
3894,loda
3895,lodde mari
3896,Lowroh
3897,luli
3898,Lund Bhagat
3899,Maa ne ghat bhosdina
3900,maajaddha
3901,maari tatoori ooper bess
3902,maasi chodamno
3903,Madachod
3904,madachod
3905,mandi susee
3906,Manik
3907,mara man no lado
3908,mari bhosri chaat
3909,meri gaan chatt
3910,Mohit
3911,Moht
3912,mota jijah
3913,nago choido
3914,Nakhodiya
3915,Namuno
3916,Narender Modi
3917,pikina
3918,Pikina
3919,pim pim
3920,poom poom
3921,Priyanshu
3922,puchi chod
3923,Puti
3924,raand
3925,rumana
3926,sali
3927,salu gut`ti
3928,Sandas
3929,suwwar jewu dachu
3930,taari bai no aghano
3931,Taari ma parasevo tya-reh e tuti kareh che!
3932,Tara baap ni gaan
3933,Taree gaar ma lowroh
3934,Taree Ghaar Ma Doh Ladah
3935,tari bosri kaapi karwa
3936,tari dagri
3937,tari gaand mare karya kutra balada
3938,tari gandayli kari koyli dagri
3939,Tari ma na bubla sukai-gya
3940,tari ma ne hadi kadhto hathi chode
3941,tari ma ni putti
3942,tari ma no poplo
3943,Tari maa na babla chusu
3944,Tari maa na bhosda ma maro lodo
3945,Tari maa na modha ma maro lodo
3946,Tari maa ne chodu
3947,Tari maa ni taturi
3948,tari mai ni gand
3949,tari mani choot ma derka bole
3950,Taro baap tane chadeche
3951,tere ma nu hinta kar
3952,teree maah gaderi
3953,thari ma ne bozro maro loro nakhides
3954,Thari Ma Ni Ghaan
3955,Tusat
3956,Tutelli nirodh no aulad
3957,Andoo
3958,behenien khe yahan
3959,Bhairain jo yaar
3960,Bharain khe
3961,Bharvo
3962,Bhavesh
3963,Bhen ja chud
3964,Bherain khe
3965,Budhi muhandro
3966,Charyo
3967,Chora
3968,Chora / Chori
3969,Chud
3970,Chud Budhi jo
3971,Chud muhandro
3972,chutia
3973,Chutoon
3974,Dallo
3975,gui jo tung
3976,Guii / Gaand
3977,Jadija
3978,kakus
3979,Kutey ja putta
3980,lalli
3981,Lun choop
3982,Lun khao
3983,Lun muhandro
3984,Maa ja chud
3985,maa ji teeta
3986,Madar chot
3987,Marhain jo yaar
3988,Marhain khe
3989,Marhen khe yahan
3990,Mujhko aapka bur chahiye
3991,neech
3992,Pelo / Pela
3993,Pelorray
3994,Pirhain ji yaar
3995,"Pirhain ji yaar (adding ""Jo"" will make the Paramour masculine)"
3996,Pirhain khe
3997,ran yadho
3998,Ranayadha
3999,Randi jo putr
4000,Sagro muo
4001,Teetay main
4002,punda/pundai
4003,poolu
4004,ommapunda
4005,thevdiyapaiya
4006,okka/kokka
4007,ommala oka
4008,pundai
4009,sunni
4010,mayir/mayiru
4011,oombu
4012,kena pundai
4013,akkula thukki kami di
4014,kuthi
4015,anaathai kaluthai
4016,arivu ketta koothi
4017,avuthu kami
4018,baadu
4019,chunni
4020,ennoda poola oombuda 
4021,okka kudi
4022,kaai
4023,kaai adithal
4024,kala viridi
4025,ki adi
4026,koothi mayir
4027,kuthi kolutha thevdia
4028,kuthia virikira thevdia
4029,molaikku naduvule uttu okka
4030,molaikku naduvule utu olu da
4031,okkala ozhi
4032,ommala oka
4033,ommala
4034,onkka pundek
4035,kunju
4036,panni
4037,pavadaiyathukkikamidi
4038,pisasu
4039,poolu
4040,pooluarunthapundamavan
4041,puluthi
4042,puluthi punda
4043,puluthinapoolaumbudi
4044,pundamavale
4045,pundavaaya
4046,pundaamavane
4047,pundainakki
4048,pundainakki
4049,pundayenakku
4050,soothu
4051,suththu
4052,sunni
4053,sunniyaoombu
4054,suthaa
4055,thaiyoli
4056,thangathevdia
4057,thevidiya pulla
4058,thevidiya mavale
4059,thotha pundai
4060,thevadiyamavan
4061,thevdiyakuthi
4062,thoomiyakudiki
4063,thevdiyakuthileuttapoolu
4064,thevdiyapaiya
4065,thoronthukamidi
4066,thukkikami
4067,ungaaayakuthi
4068,vaaila vaangu
4069,vesi
4070,viruchu kaami
4071,arippueduthakuthimavale
4072,auvusaarikoodi
4073,gajakkol
4074,kalaiviridi
4075,kandaaraoli
4076,karungkuthimavale
4077,keeshanappa
4078,kenapunda
4079,koodhi
4080,koodhipayale
4081,koothinuckie
4082,kudiyabaadu
4083,kundi
4084,kundimudi
4085,kunjipayalae
4086,kusukoodhi
4087,kuthimudiyathadavikamidi
4088,loosukoodhi
4089,mairupudungi
4090,malamattupunda
4091,mayirupoodunghi
4092,molasappi
4093,mollamaari
4094,monnanaaye
4095,mairaandi
4096,muttaakoodhi
4097,naarakoodhi
4098,pudungi
4099,nayeesoothileunkunji
4100,oakkauttabaadu
4101,okkalaoli
4102,olithebengali
4103,olmaari
4104,oluthapundai
4105,ongappanpundai
4106,oogili
4107,oombu
4108,oora otha thevidiya
4109,oorthevidya
4110,oka
4111,oththa
4112,oolu
4113,kuthi
4114,paepunda
4115,kenakuthi
4116,potta punda
4117,parapundamaune
4118,padukka pottu okka
4119,parathesi punda
4120,patchathevidiya
4121,pochu pundai
4122,pochchu
4123,poolpayya
4124,poolu
4125,thevudiya 
4126,avusaari
4127,pullusappi
4128,puluthi
4129,pundamavanae
4130,pula chappu
4131,pula umbu
4132,oththa punda
4133,sakkiliakoodhi
4134,sappi
4135,selayaithukkudi
4136,vaaila vachuruven
4137,sunniya umbu
4138,pundaiya moodu
4139,mola
4140,molai
4141,thevdiya
4142,thevidiya
4143,thevidiyapundai
4144,molaya amukava
4145,naara punda
4146,okkala okka
4147,vailevatchuko
4148,ommala pottu okka
4149,monna pundai
4150,kai mutti
4151,para punda
4152,ommala okka
4153,kai adiki
4154,munda kalappa
4155,otha
4156,vaaila vaangu
4157,arivu ketta mundam
4158,Baah Khuwa
4159,Baal
4160,baal kela
4161,baal khuruwa
4162,baaperor konitu
4163,baaperor pukorkhon
4164,Bal
4165,Bandor Chod
4166,Bari
4167,Bengena Mora
4168,billa suda
4169,bimakho khoigra
4170,boinaak sudaai
4171,boiner lalak
4172,boithali
4173,buch seleka
4174,Bush
4175,Bush mara
4176,Bushot tel diya
4177,Chet
4178,ekka she duuka
4179,fifa ni lodoi
4180,Fuck Dang Fo!
4181,gar mora
4182,Gida
4183,Gida Khua
4184,Gu
4185,Gu Khuwa
4186,guu kha
4187,guu kha mokkel
4188,Jairir badcha
4189,Jhaant singa
4190,johoni jua
4191,Johora
4192,Jonghol
4193,Kela
4194,Keti
4195,Koti Mara
4196,Kotit bari homai dim
4197,Kukur'or puwali
4198,laura
4199,Lauri ke bal
4200,Lothou Guti
4201,Ludoi
4202,"Maaeror Boos, maksudai"
4203,Maaeror fof khon
4204,maak sudai
4205,Maaror bhumikhon kela
4206,maka dingding
4207,maka linglang
4208,Maksaai
4209,mangmarani
4210,Meeyarek Kohai
4211,Mumu
4212,Nagori putek
4213,Naliya
4214,Pel suha
4215,Pheda cheleka
4216,Pokorot Kothal Bhoram
4217,pukor selek
4218,raandii
4219,Randir soli
4220,Rendi Dallal
4221,Rendir Beta
4222,Rendy Suda
4223,Set Suda
4224,setor baal
4225,sipha jagra
4226,Sudasudi
4227,Sudi Gida Falidim
4228,Sudur Bhai
4229,sut marani
4230,syetor moila
4231,Tez piya
4232,Tumak sudibor mon goise
4233,tur maak sudu
4234,Tur Maak Sudu
4235,Tur maraok rastat kukur logi sudam..
