,Phrase,Meaning,Is This Accurate?,aand,chutiye,idiot,(10%) (0%)
0,"""KUTH-TII"" (or) ""KUTTII""",Bitch,(0%) (0%),,,,
1,AAGA (or) GUUUUUUU,Shit,(1%) (0%),,,,
2,amar nunu chat,Suck my dick!,(1%) (1%),,,,
3,Ami Tumarae Khortham,I Wanna Do U,(0%) (0%),,,,
4,Ashiq,Penis Hair,(7%) (26%),,,,
5,baal bichi,hair on your balls,(8%) (18%),,,,
6,Baal Halaidheese,Eat your pubic hair,(0%) (100%),,,,
7,Baba choda rendi,Prostitute who fucks her father,(1%) (1%),,,,
8,bai lerh,roten spunk,(9%) (7%),,,,
9,banchod,sister fucker,(1%) (1%),,,,
10,Bandii,Bad Bitch,(0%) (0%),,,,
11,bara,penis,(9%) (9%),,,,
12,bara / bada,dick / cock,(10%) (4%),,,,
13,Bessha,Whore,(0%) (0%),,,,
14,bhuski maagi,whore with a used & loose pussy,(9%) (6%),,,,
15,Bichi Chara Potla,Ball less bag!!,(1%) (0%),,,,
16,Bodmash,pervert,(1%) (1%),,,,
17,Boga,Dick,(1%) (0%),,,,
18,boga baicha tor mar boonie sirilymu,dick boy i will rip your mums boobs,(10%) (3%),,,,
19,Boga Khaa,Suck My Dick,(1%) (0%),,,,
20,boka choda,stupid fucker,(10%) (1%),,,,
21,bokachoda,dickhead,(1%) (1%),,,,
22,Booni,Tits/Breast,(1%) (0%),,,,
23,botla,fatty,(10%) (2%),,,,
24,chodna,fucker,(9%) (12%),,,,
25,Chodon Boiraagi,Boiraagi Fucker,(1%) (0%),,,,
26,Chodon Idli,Tamil Fucker,(1%) (0%),,,,
27,chood,fuck/fucker,(1%) (0%),,,,
28,chudir bhai,brother of a whore,(10%) (2%),,,,
29,Chudir Bhai,Brother of slut,(0%) (0%),,,,
30,Chudir Pola,Son of a whore,(1%) (0%),,,,
31,dan-da,dik,(1%) (2%),,,,
32,dhon,dick,(1%) (1%),,,,
33,dofla hetta,fat pussy,(7%) (33%),,,,
34,fatly,fat girl,(1%) (1%),,,,
35,Fel,Dick,(1%) (1%),,,,
36,foga,idiot,(0%) (0%),,,,
37,"foon, foondh",arse in Moulovibazar everywhere else means Pussy,(10%) (0%),,,,
38,fungi,sex in smelly pussy,(8%) (17%),,,,
39,Futki,Arse,(1%) (0%),,,,
40,fuun-ga,cunt,(10%) (4%),,,,
41,gorur bachcha,child of a cow,(10%) (4%),,,,
42,gud,pussy,(9%) (7%),,,,
43,gud maranir beta,son of fucker,(0%) (0%),,,,
44,gud/guud,pussy,(1%) (0%),,,,
45,Guundaa,Gangsta,(1%) (0%),,,,
46,Haram jada,Bastard,(1%) (0%),,,,
47,haram jadi,female bastard,(10%) (1%),,,,
48,Hauwa,Arsehole,(1%) (1%),,,,
49,hetta muka ath bori dimo,i will fist you (pussy),(10%) (0%),,,,
50,"hetta, bodha, shauwaa",pussy,(10%) (1%),,,,
51,"Kalu, Calou, Kalou,Blackie, Keltu, Kelo, Kolo Toure, Djimi Traore, Kalo Hulo, Nigga",Kalu,(1%) (0%),,,,
52,khanki,whore,(1%) (1%),,,,
53,khanki chudi magir gude poka,insect on the pussy of whore,(0%) (0%),,,,
54,khanki/maggi,whore,(1%) (0%),,,,
55,khankir chele,son of prostitute,(10%) (0%),,,,
56,Khankir Pola,Son of a whore,(10%) (1%),,,,
57,khobis or goror khobis,fuck your mum and dad,(1%) (5%),,,,
58,Kuth-tar Bachcha,Son of a bitch,(1%) (0%),,,,
59,Kuthar Bacha,Son of a Dog,(0%) (0%),,,,
60,Kuththar Baiccha (Baich-cha),Son Of A Bitch/Dog,(1%) (0%),,,,
61,Kuttar Bhaccha,Son of a bitch!,(10%) (5%),,,,
62,kuttar chod,dog fucker,(10%) (4%),,,,
63,Kuttar gu,Dog shit,(0%) (0%),,,,
64,laora,penis,(1%) (0%),,,,
65,lerr,cum,(0%) (0%),,,,
66,lerr kawrar fua,cum eater's son,(8%) (17%),,,,
67,Maagi,Whore/Slut,(1%) (1%),,,,
68,Maal,Hot girl,(1%) (0%),,,,
69,maggir putt,prostitutes child,(10%) (4%),,,,
70,Moga choder bacha,Mother fucker,(0%) (0%),,,,
71,mother chod,mother fucker,(1%) (1%),,,,
72,Muta kuta,fat dog,(9%) (10%),,,,
73,nankta kuttar baccha,naked son of dog,(1%) (0%),,,,
74,Nunu,Dick,(1%) (1%),,,,
75,nunu,dick,(1%) (1%),,,,
76,pagol sagol,crazy sheep,(1%) (1%),,,,
77,Pagul,Crazy,(10%) (3%),,,,
78,pasa,ass,(9%) (7%),,,,
79,podmarani,assfucker,(10%) (0%),,,,
80,Sagul,Goat,(10%) (3%),,,,
81,Shauwa,Pussy,(10%) (2%),,,,
82,shuorer baccha,son of a swine,(0%) (0%),,,,
83,Shurur Batcha,Son of a bitch,(8%) (23%),,,,
84,Suda-sudi,Fucking,(1%) (1%),,,,
85,SUDAURIER FURII,Daughter Of A Slut,(1%) (0%),,,,
86,SUDAURY,Whore/Slut,(1%) (0%),,,,
87,Suourer bachcha,Son Of A Wild Boar,(1%) (0%),,,,
88,SUTHH-MAROUNY,Whore/Slut,(1%) (0%),,,,
89,thor hetta laythum,i want to lick your pussy,(10%) (0%),,,,
90,thor maa suda,fuck your mum,(1%) (1%),,,,
91,thor maar bothoy kha,eat your mums dick,(1%) (1%),,,,
92,thore astha gao eh sudeh,whole village fucks you,(0%) (0%),,,,
93,thumar futki marthum,i want fuck you up the arse,(9%) (9%),,,,
94,"Thumi amar nunu khoa, onek mishti","Eat my dick, its very sweet",(10%) (1%),,,,
95,Thuuii Bandhorr,You're A Monkey,(1%) (0%),,,,
96,Thuuii Gaadhaa,You're A Donkey,(1%) (0%),,,,
97,to-mar ma hetta,your mums pussy,(1%) (1%),,,,
98,Tor baaf fel Khai,Your dad sucks Dick,(10%) (3%),,,,
99,Tor Bafor Boga Saat,Lick Your Dad's Dick,(10%) (4%),,,,
100,tor ma amar fell,your mum is my dik,(1%) (1%),,,,
101,tor ma boga cha,eat your moms pussy,(1%) (2%),,,,
102,Tor Maa,Your Mum,(1%) (0%),,,,
103,tor maa booni nay,your mom has no boobs,(10%) (0%),,,,
104,tor maa ke chudi,I'll fuck your Mother,(1%) (1%),,,,
105,Tor mayere chudi,I fuck your mom,(10%) (1%),,,,
106,Tor nanire chudi,I fuck your Granny,(9%) (6%),,,,
107,tor nunu bouut boro,your penis is very big,(0%) (0%),,,,
108,Tor pasha mota,Your buttock is fat,(1%) (0%),,,,
109,tu ekta bandar,Your a dumbass/monkey/idiot,(10%) (2%),,,,
110,Tur booga sooto,Your dick is small.,(1%) (1%),,,,
111,tur mar booni khaa,suck your mums tits,(1%) (1%),,,,
112,tuy ath marros,your a wanker,(1%) (0%),,,,
113,Vogchod,fool,(10%) (3%),,,,
114,Bain Chod,Sister fucker,(10%) (1%),,,,
115,Bainchod,Sister Fucker,(10%) (0%),,,,
116,Bassa Shouko,smell my ass,(9%) (9%),,,,
117,chodnar po,son of bitch,(10%) (0%),,,,
118,Gud-marani,fucker,(0%) (0%),,,,
119,hagoo,shit,(0%) (0%),,,,
120,Hijra,Homo/gay,(9%) (9%),,,,
121,Hoga,Ass,(0%) (100%),,,,
122,Khankir pola,Son of a whore,(0%) (0%),,,,
123,Kuthaar Baicha,Son of a Dog,(10%) (0%),,,,
124,Kuttar Bachcha,Son of a bitch,(0%) (0%),,,,
125,kuttar bachcha,son of a bitch,(9%) (13%),,,,
126,Leura,Dick,(9%) (9%),,,,
127,Magi,Whore/Slut,(0%) (0%),,,,
128,Mai,Tits,(0%) (0%),,,,
129,makhal,crazy,(1%) (2%),,,,
130,muri kha,go fuck yourself,(0%) (100%),,,,
131,Noakhailla,Loser,(10%) (3%),,,,
132,randi magi,whore,(0%) (0%),,,,
133,thor maa khai lai moo,i will eat your mum,(0%) (100%),,,,
134,thor maar bosoi khai see,i ate your mums dick,(0%) (0%),,,,
135,Tomar maar putkey fatamu .,I will blast ur mums ass,(1%) (0%),,,,
136,Tor babar bichi fatabo,I will crack your father's balls,(0%) (0%),,,,
137,Tor mar sawa kha,Eat your mothers cum,(10%) (0%),,,,
138,tor mare chudi,fuck your mom,(10%) (0%),,,,
139,tur ma amar fel be,your mum is my dick yeah,(0%) (100%),,,,
140,Aanguli kora,Masturbation (female),(1%) (0%),,,,
141,achuda,fucker,(1%) (1%),,,,
142,ads,bull,(9%) (9%),,,,
143,Ami tor maa ke chudmu,I will fuck your mum,(10%) (2%),,,,
144,baal,pubic hair,(1%) (1%),,,,
145,Baal chhero,Tear your ball hair,(9%) (12%),,,,
146,Bara,Cock,(10%) (1%),,,,
147,Beissha Magir Pola,Son of a Prostitute,(10%) (3%),,,,
148,Bhag,Vagina,(1%) (1%),,,,
149,Bhoda,Pussy,(10%) (1%),,,,
150,Bokachoda,Stupid fucker,(10%) (0%),,,,
151,boltu chire felbo,i will cut your penis,(10%) (3%),,,,
152,botoi khowra,eat dick,(10%) (3%),,,,
153,Choda,Fuck,(10%) (2%),,,,
154,Chood,Fuck,(10%) (4%),,,,
155,Chudanir pola,Result of fuck (Son),(10%) (0%),,,,
156,Chudi,Fuck you,(10%) (5%),,,,
157,Chudmu tor pasai sneha,Prostitute who does anal,(10%) (0%),,,,
158,Chumban,Kiss,(9%) (5%),,,,
159,Chumu,Kiss,(10%) (2%),,,,
160,Dhon,Cock,(10%) (2%),,,,
161,Dhon khecha,Masturbation (male),(9%) (5%),,,,
162,Gaand Maarano,Getting fucked in Ass,(10%) (5%),,,,
163,Gud,Vagina,(10%) (1%),,,,
164,Humaira,A fat cow,(1%) (3%),,,,
165,Khanki,Prostitute,(10%) (0%),,,,
166,khanki Magi,Slut,(10%) (5%),,,,
167,khankir pola,son of a bitch,(10%) (0%),,,,
168,kuttar Baccha,Son of a Bitch,(1%) (3%),,,,
169,lehr kawrar bachha,son of a cum eater,(10%) (0%),,,,
170,Mang,Pussy,(10%) (0%),,,,
171,Naang,Boyfriend of wife,(10%) (3%),,,,
172,pod marani,a girl who is fucked by ass,(10%) (5%),,,,
173,Pond,Ass,(1%) (1%),,,,
174,Shetar bal,pubic hair of vagina,(10%) (0%),,,,
175,Shishna,Penis,(1%) (3%),,,,
176,Sohail,I like dick,(1%) (5%),,,,
177,Thor heta muka ath boridimu,i will fist your cunt,(10%) (0%),,,,
178,Tor Gaar Maari,I'll fuck your ass,(10%) (5%),,,,
179,Tor maa ke chudi,Fuck your mother,(10%) (2%),,,,
180,tor mar vhoda,your moms pussy,(10%) (3%),,,,
181,tumi bal hagu koro!!,You shit pubic shit,(9%) (7%),,,,
182,Vuuski magi,Nymphomaniac in heat.,(9%) (8%),,,,
183,Aar,testicles,(10%) (4%),,,,
184,bahanchod,sister fucker,(10%) (3%),,,,
185,baila,idiot,(10%) (0%),,,,
186,baklol,stupid,(0%) (0%),,,,
187,bapjeth,elder than one's father,(0%) (0%),,,,
188,bawaseer ho kya,irritating,(0%) (0%),,,,
189,bhadwa,pimp,(0%) (0%),,,,
190,bhethi,boob,(9%) (9%),,,,
191,bhosda,huge pussey,(10%) (0%),,,,
192,bhosri wali,Girl with big puzzy,(10%) (0%),,,,
193,boor,pussey,(10%) (0%),,,,
194,Boor ka baal,Pussy hair,(0%) (0%),,,,
195,burbak,idiot,(10%) (5%),,,,
196,chhinar,whore,(0%) (0%),,,,
197,chhota chetan,small penis,(0%) (0%),,,,
198,chuchi,boob,(0%) (0%),,,,
199,chutmuha,cunt face,(0%) (0%),,,,
200,dogla,bastard,(0%) (100%),,,,
201,gaar marao,fuck off,(0%) (0%),,,,
202,gaar maraye duniya,fuck the world (thuglife),(10%) (0%),,,,
203,gaar me daal le,take (something) in your ass,(10%) (0%),,,,
204,gadchat,ass sucker,(0%) (0%),,,,
205,gopal gaurav,sperm,(10%) (0%),,,,
206,jhatwa,pubic hair,(0%) (0%),,,,
207,kiski maiyaa kutta biyayi,whose mother birthed a dog,(10%) (0%),,,,
208,laar,penis,(10%) (0%),,,,
209,laar chato,suck my dick,(0%) (0%),,,,
210,laar lega,fuck off,(0%) (0%),,,,
211,larchat,dick sucker,(0%) (0%),,,,
212,maa chudao,fuck off,(0%) (0%),,,,
213,muth,sperm,(0%) (100%),,,,
214,randi ka bachha,son of a bitch,(0%) (0%),,,,
215,randikhana,brothel,(10%) (0%),,,,
216,ravi kumar patel,frog,(8%) (17%),,,,
217,tori bahin ke chodu,i will fuck your sister,(0%) (0%),,,,
218,tori maiyaa ke chodu,i fuck your mother,(10%) (0%),,,,
219,maari tatoori ne chalay,Ride my dick,(1%) (1%),,,,
220,Akbaruddin Owaisi,Biggest cunt,(1%) (2%),,,,
221,Alloo Bhosri Chaat,Lick my potato pussy,(1%) (3%),,,,
222,Anuj,Biggest choot,(1%) (7%),,,,
223,Babhuchak,idiot,(10%) (0%),,,,
224,bai no bhosdo,wifes vagina,(9%) (6%),,,,
225,bein chod,sister fuck,(1%) (0%),,,,
226,Benchod,sister fucker,(0%) (0%),,,,
227,Bhadvo,pimp,(1%) (0%),,,,
228,bhenchod,sister fucker,(10%) (5%),,,,
229,Bhoot,Ghost,(10%) (0%),,,,
230,Bhopa,Idiot,(0%) (0%),,,,
231,Bhos marina,Follower of a pussy,(1%) (1%),,,,
232,Bhosad Pappu,pussy faggot,(1%) (1%),,,,
233,bhosdo,"piki, pussy",(10%) (2%),,,,
234,bhosrini,bitch face,(1%) (0%),,,,
235,bobla,boobs,(10%) (5%),,,,
236,Bobla Vagarni Baydi,Wife without Breasts,(10%) (1%),,,,
237,Bosrichord,Pussy Fuck/Fucker,(1%) (1%),,,,
238,bosrina,bitch,(10%) (5%),,,,
239,Buckwass,Bullshit,(1%) (0%),,,,
240,Budhalal,Idiot,(0%) (0%),,,,
241,chafu gaan,dirty asshole,(1%) (0%),,,,
242,Chichi,Poo Poo,(1%) (0%),,,,
243,Chod,Fuck,(1%) (0%),,,,
244,Chod ami,I fucked your mum last night,(7%) (33%),,,,
245,Chodhru,Fucker,(1%) (1%),,,,
246,chodkanya,sex maniac,(1%) (0%),,,,
247,Chodu,Fucker,(1%) (0%),,,,
248,chupri lauri,shut up dick,(9%) (6%),,,,
249,Chutiya,fucker,(1%) (0%),,,,
250,Darshil,Biggest Pussy,(6%) (41%),,,,
251,Dheela Lund Ni Olaad,Product of a loose penis,(10%) (1%),,,,
252,Eapen,dickhead,(0%) (100%),,,,
253,Fattu,Afraid,(10%) (1%),,,,
254,gaan tari,your arse,(1%) (1%),,,,
255,Gaand Ghapli,work getting complicated by someone,(1%) (0%),,,,
256,Gaand Ma Ghal,Stick It In Your Ass,(1%) (1%),,,,
257,"gaandina, gandina",born from ass,(9%) (6%),,,,
258,Gand nu kaanu,Ass Hole,(0%) (0%),,,,
259,gandi chodina,mad fucker,(10%) (5%),,,,
260,gando,crazy,(9%) (5%),,,,
261,Gando salo,Crazy son,(10%) (0%),,,,
262,gel ghagharina,lover of skirt,(10%) (5%),,,,
263,Ghel Chodyo,Crazy,(1%) (1%),,,,
264,Ghelchoydi,Moron (Girl),(10%) (0%),,,,
265,Halki Raand na,Son of a cheap prostitute,(1%) (1%),,,,
266,Harsh Dalal,Pregnant Male Prostitute,(9%) (9%),,,,
267,harshit,stuped dumb fuk,(0%) (100%),,,,
268,hopa,idiot,(0%) (100%),,,,
269,Huzefa,Moody asshole,(0%) (100%),,,,
270,jaaro,humongously obese,(10%) (0%),,,,
271,Jhadhino!,Dickhead!,(9%) (5%),,,,
272,Jignesh Mevani,SC cunt,(9%) (9%),,,,
273,karo loro,black cock,(10%) (3%),,,,
274,kem chho,how are you,(0%) (0%),,,,
275,kutari,BITCH,(0%) (0%),,,,
276,Lakhota,Penis Balls,(10%) (0%),,,,
277,Land,Penis,(1%) (1%),,,,
278,loda,dick,(10%) (0%),,,,
279,lodde mari,on my dick,(0%) (100%),,,,
280,Lowroh,"balls, cock",(1%) (1%),,,,
281,luli,dick,(10%) (4%),,,,
282,Lund Bhagat,Follower [as in religion] of penis,(1%) (0%),,,,
283,Maa ne ghat bhosdina,Son of a prostitute/whore,(10%) (0%),,,,
284,maajaddha,mother fucker,(10%) (3%),,,,
285,maari tatoori ooper bess,sit on my cock,(10%) (1%),,,,
286,maasi chodamno,aunty fucker,(1%) (1%),,,,
287,Madachod,Mother Fucker,(1%) (0%),,,,
288,madachod,mother fucker,(8%) (20%),,,,
289,mandi susee,small willy,(9%) (7%),,,,
290,Manik,dickhead,(10%) (3%),,,,
291,mara man no lado,my fucking wish,(0%) (0%),,,,
292,mari bhosri chaat,lick my pussy,(9%) (6%),,,,
293,meri gaan chatt,lick my ass,(10%) (4%),,,,
294,Mohit,a gay dude,(1%) (2%),,,,
295,Moht,a gay dude,(1%) (4%),,,,
296,mota jijah,big tits,(10%) (5%),,,,
297,nago choido,naked fuker,(10%) (1%),,,,
298,Nakhodiya,Impotent,(10%) (1%),,,,
299,Namuno,Idiot,(10%) (0%),,,,
300,Narender Modi,Dick faced,(1%) (1%),,,,
301,pikina,Son of a bitch,(1%) (1%),,,,
302,Pikina,you male cunt,(1%) (5%),,,,
303,pim pim,little fart,(10%) (3%),,,,
304,poom poom,big fart,(1%) (1%),,,,
305,Priyanshu,Small dick,(10%) (0%),,,,
306,puchi chod,pussy fucker,(1%) (1%),,,,
307,Puti,Pussy,(10%) (0%),,,,
308,raand,prostitute,(1%) (0%),,,,
309,rumana,umers bird,(0%) (0%),,,,
310,sali,fukin bitch,(1%) (1%),,,,
311,salu gut`ti,you dog,(1%) (1%),,,,
312,Sandas,shit,(1%) (1%),,,,
313,suwwar jewu dachu,face like a hog,(10%) (5%),,,,
314,taari bai no aghano,your wife's ass,(8%) (19%),,,,
315,Taari ma parasevo tya-reh e tuti kareh che!,Your mom sweats when she shits!,(8%) (17%),,,,
316,Tara baap ni gaan,Your fathers ass,(10%) (0%),,,,
317,Taree gaar ma lowroh,You got a dick up ass!,(1%) (1%),,,,
318,Taree Ghaar Ma Doh Ladah,You have two shits up your ass!,(1%) (2%),,,,
319,tari bosri kaapi karwa,i will cut your vagina,(0%) (100%),,,,
320,tari dagri,your arse,(0%) (100%),,,,
321,tari gaand mare karya kutra balada,pussy faggot,(10%) (3%),,,,
322,tari gandayli kari koyli dagri,your smelly black rotten arse,(0%) (0%),,,,
323,Tari ma na bubla sukai-gya,Your mums tits have dried out!,(0%) (0%),,,,
324,tari ma ne hadi kadhto hathi chode,A running elephant fucks your mom,(10%) (1%),,,,
325,tari ma ni putti,your mother's vagiana,(10%) (1%),,,,
326,tari ma no poplo,your mothers dick,(10%) (3%),,,,
327,Tari maa na babla chusu,Let me lick your mother's boobs,(0%) (0%),,,,
328,Tari maa na bhosda ma maro lodo,My penis in your mom's pussy,(0%) (0%),,,,
329,Tari maa na modha ma maro lodo,My penis in your mom's mouth,(9%) (9%),,,,
330,Tari maa ne chodu,Will fuck you mother,(10%) (2%),,,,
331,Tari maa ni taturi,yours mums dick,(1%) (2%),,,,
332,tari mai ni gand,your mother's ass,(1%) (1%),,,,
333,tari mani choot ma derka bole,frog barking in ur mom pussy,(10%) (1%),,,,
334,Taro baap tane chadeche,your dad fucks you,(1%) (1%),,,,
335,tere ma nu hinta kar,get your mums fanni hair off,(1%) (2%),,,,
336,teree maah gaderi,Your mum is a donkey,(1%) (0%),,,,
337,thari ma ne bozro maro loro nakhides,ill stick my penis up your mum,(10%) (3%),,,,
338,Thari Ma Ni Ghaan,Your Mums Ass,(10%) (5%),,,,
339,Tusat,Sheep shagger,(10%) (0%),,,,
340,Tutelli nirodh no aulad,Son of a broken condom,(1%) (0%),,,,
341,bahan ke lawde,Sister`s Dick,(10%) (5%),,,,
342,Bawali gand,you crazy ass,(10%) (2%),,,,
343,Bhen ke dine,You are your Sister's Balls,(10%) (0%),,,,
344,chudhu ke chodde,Fuck buddy of low caste,(10%) (2%),,,,
345,Dhi ke lawde,Daughter`s Dick,(10%) (2%),,,,
346,Dhichod,Daughter Fucker,(9%) (7%),,,,
347,Domesaks danso danlo motar!,mother fucking pussy licker,(1%) (4%),,,,
348,bhoor,pussy,(10%) (4%),,,,
349,chuttar,ass,(10%) (1%),,,,
350,chuttari,ass,(1%) (3%),,,,
351,gand chod,ass fucker,(10%) (5%),,,,
352,Ghunt Fala,Rubbish Guy,(10%) (0%),,,,
353,Jhulaniya,Pervert,(0%) (0%),,,,
354,Madhar chod,Mother fucker,(10%) (1%),,,,
355,shivom lal,ugly ape,(0%) (100%),,,,
356,teri maichod,go fuk you're mother,(10%) (0%),,,,
357,miya ka katela lund,cut penis,(7%) (29%),,,,
358,miyan,child manufacturing machine,(0%) (100%),,,,
359,miyan bhadvi,original lady pimp,(0%) (100%),,,,
360,miyan rand,whore from birth,(0%) (100%),,,,
361,miye log madharchod,true mother fuckers,(8%) (23%),,,,
362,,,,aandu,,,
363,,,,balatkar,,,
364,,,,beti chod,,,
365,,,,bhadva,,,
366,,,,bhadve,,,
367,,,,bhandve,,,
368,,,,bhootni ke,,,
369,,,,bhosad,,,
370,,,,bhosadi ke,,,
371,,,,boobe,,,
372,,,,chakke,,,
373,,,,chinaal,,,
374,,,,chinki,,,
375,,,,chod,,,
376,,,,chodu,,,
377,,,,chodu bhagat,,,
378,,,,chooche,,,
379,,,,choochi,,,
380,,,,choot,,,
381,,,,choot ke baal,,,
382,,,,chootia,,,
383,,,,chootiya,,,
384,,,,chuche,,,
385,,,,chuchi,,,
386,,,,chudai khanaa,,,
387,,,,chudan chudai,,,
388,,,,chut,,,
389,,,,chut ke baal,,,
390,,,,chut ke dhakkan,,,
391,,,,chut maarli,,,
392,,,,chutad,,,
393,,,,chutadd,,,
394,,,,chutan,,,
395,,,,chutia,,,
396,,,,chutiya,,,
397,,,,gaand,,,
398,,,,gaandfat,,,
399,,,,gaandmasti,,,
400,,,,gaandufad,,,
401,,,,gandu,,,
402,,,,gashti,,,
403,,,,gasti,,,
404,,,,ghassa,,,
405,,,,ghasti,,,
406,,,,harami,,,
407,,,,haramzade,,,
408,,,,hawas,,,
409,,,,hawas ke pujari,,,
410,,,,hijda,,,
411,,,,hijra,,,
412,,,,jhant,,,
413,,,,jhant chaatu,,,
414,,,,jhant ke baal,,,
415,,,,jhantu,,,
416,,,,kamine,,,
417,,,,kaminey,,,
418,,,,kanjar,,,
419,,,,kutta,,,
420,,,,kutta kamina,,,
421,,,,kutte ki aulad,,,
422,,,,kutte ki jat,,,
423,,,,kuttiya,,,
424,,,,loda,,,
425,,,,lodu,,,
426,,,,lund,,,
427,,,,lund choos,,,
428,,,,lund khajoor,,,
429,,,,lundtopi,,,
430,,,,lundure,,,
431,,,,maa ki chut,,,
432,,,,maal,,,
433,,,,madar chod,,,
434,,,,mooh mein le,,,
435,,,,mutth,,,
436,,,,najayaz,,,
437,,,,najayaz aulaad,,,
438,,,,najayaz paidaish,,,
439,,,,paki,,,
440,,,,pataka,,,
441,,,,patakha,,,
442,,,,raand,,,
443,,,,randi,,,
444,,,,saala,,,
445,,,,saala kutta,,,
446,,,,saali kutti,,,
447,,,,saali randi,,,
448,,,,suar,,,
449,,,,suar ki aulad,,,
450,,,,tatte,,,
451,,,,tatti,,,
452,,,,teri maa ka bhosada,,,
453,,,,teri maa ka boba chusu,,,
454,,,,teri maa ki chut,,,
455,,,,tharak,,,
456,,,,tharki,,,
457,,,,,gel saffa,crazy cock suker,(10%) (2%)
458,,,,,ghanta,male sex organs,(10%) (5%)
459,,,,,Gundmare,Fucked,(10%) (2%)
460,,,,,kameenay,bastard,(0%) (100%)
461,,,,,Kutiya,Bitch,(10%) (2%)
462,,,,,Lannd,Dick,(10%) (3%)
463,,,,,Loda,Penis,(10%) (3%)
464,,,,,ma ki aankh,mother's eye,(8%) (20%)
465,,,,,Maa Chuda,Fuck ur Mom,(1%) (2%)
466,,,,,Madarchod,Mother Fucker,(10%) (2%)
467,,,,,Mumme,Nipples,(1%) (1%)
468,,,,,Muttha Marna,Masturbate,(10%) (4%)
469,,,,,Na chundi nee umbu,Come and suck my dick,(10%) (1%)
470,,,,,paagal,mad,(10%) (0%)
471,,,,,Rand / Randi,Prostitute,(10%) (2%)
472,,,,,sandha pela,the big fucker,(1%) (1%)
473,,,,,teri behen ki choot,your sister's ass,(9%) (10%)
474,,,,,teri bund ch mera kela,my dick in your ass,(1%) (0%)
475,,,,,Teri maa chod dunga,I'll fuck your mother,(10%) (0%)
476,,,,,Teri maa ke handle mein pandle marun.,Ride your mother with my dick.,(1%) (1%)
477,,,,,teri pandit ke chut,your priest's vagina,(10%) (3%)
478,,,,,ullu de pathe,son of owl,(10%) (2%)
479,,,,,Hindi Swear Words,,
480,,,,,Bahen Chod,,
481,,,,,Bahen ke laude,,
482,,,,,Bahen ke takke,,
483,,,,,Beti Chod,,
484,,,,,Bhai Chod,,
485,,,,,Bhains ki aulad,,
486,,,,,"Jhalla, Faggot",,
487,,,,,Jhant ke baal,,
488,,,,,Jhaant ke pissu,,
489,,,,,Kutte ka aulad,,
490,,,,,Kutte ke tatte,,
491,,,,,Maadher chod,,
492,,,,,Padma,,
493,,,,,Raand ka jamai,,
494,,,,,Randhwa (or randwa),,
495,,,,,Rundi,,
496,,,,,Rundi ka bacha,,
497,,,,,Rundi Ki bachi,,
498,,,,,Soower ke bachche,,
499,,,,,Ullu ke pathe,,
500,,,,,Hindi Dirty Words,,
501,,,,,Bandaa,,
502,,,,,Booblay,,
503,,,,,BhonsRi-Waalaa,,
504,,,,,Carrom board,,
505,,,,,Chhed,,
506,,,,,Chut,,
507,,,,,Chut marike,,
508,,,,,Chodu,,
509,,,,,Chodra,,
510,,,,,Choochii,,
511,,,,,Gaandu,,
512,,,,,Gaand,,
513,,,,,Ing ge pan di kut teh,,
514,,,,,LavDa,,
515,,,,,Lavde,,
516,,,,,Lund ,,
517,,,,,Lavde ke bal,,
518,,,,,Lavander,,
519,,,,,Mangachinamun,,
520,,,,,Muth mar,,
521,,,,,Nimbu sharbat,,
522,,,,,Maa ke bable,,
523,,,,,Mammey mumm-aye,,
524,,,,,Tatte Masalna,,
525,,,,,Toto,,
526,,,,,Toota hua lund,,
527,,,,,Hindi Profane Words,,
528,,,,,Backar chodu,,
529,,,,,Bhand khau,,
530,,,,,Bhandwe ki aulad,,
531,,,,,Bhosad Chod,,
532,,,,,Bumchod,,
533,,,,,Bur ki chatani,,
534,,,,,Cuntmama,,
535,,,,,Chipkali ke chut ke pasine,,
536,,,,,Chipkali ke gaand ke pasine,,
537,,,,,Chipkali ke jhaat ke baal,,
538,,,,,Chippkali ke jhaant ke paseene,,
539,,,,,Chodela,,
540,,,,,Chodu bhagat,,
541,,,,,Chhola Phudakna,,
542,,,,,Chudan chudai,,
543,,,,,Chudai khana,,
544,,,,,Chunni,,
545,,,,,Choot ka baal,,
546,,,,,Choot ke bhoot,,
547,,,,,Chut ke dhakkan,,
548,,,,,Chut mari ke,,
549,,,,,Choot marani ka,,
550,,,,,Chut ke pasine mein talay huye bhajiye,,
551,,,,,Chup Ke Chut Hai,,
552,,,,,Fatey condom kay natije,,
553,,,,,Fatay huay lundtopi ka result,,
554,,,,,Gaandu,,
555,,,,,Gaandfat,,
556,,,,,Gaandmasti,,
557,,,,,Gaand ka makhan,,
558,,,,,Gaand marau,,
559,,,,,Ghondoo,,
560,,,,,Jhant chaatu,,
561,,,,,Jhaat ka bhaaji,,
562,,,,,Kutte ka beej,,
563,,,,,Lund choosu,,
564,,,,,Lund fakeer,,
565,,,,,Lundoos,,
566,,,,,Lund ka shorba,,
567,,,,,Land ka bheja,,
568,,,,,Lund pe chad ja,,
569,,,,,Lund pe thand hai,,
570,,,,,Lund Ke Pasine,,
571,,,,,Lavde ke baal,,
572,,,,,Maa ke bhadwe,,
573,,,,,Muth maar,,
574,,,,,Parichod,,
575,,,,,Phatele Nirodh ke Natije,,
576,,,,,Pucchi,,
577,,,,,Raandi baajer,,
578,,,,,Rundi ko choud,,
579,,,,,Rubber bhosda,,
580,,,,,Sadi hui gand,,
581,,,,,Tera adha Nirodh mein rah gaya,,
582,,,,,Hindi Obscene Words,,
583,,,,,Apna land choos,,
584,,,,,Apni gaand mein muthi daal,,
585,,,,,Apni ma ko ja choos,,
586,,,,,Chinaal ke gadde ke nipple ke baal ke joon,,
587,,,,,Chullu bhar muth mein doob mar,,
588,,,,,Gand Ka Khatmal,,
589,,,,,Gandkate Kutte,,
590,,,,,Gaand mein bambu,,
591,,,,,Gaand main lassan,,
592,,,,,Gaand main danda,,
593,,,,,Gaand main keera,,
594,,,,,Hazaar lund teri gaand main,,
595,,,,,Jaa Apni Bajaa,,
596,,,,,Jab tu paida hua tow aagey se ya peechey se nikla tha chutiya?,,
597,,,,,Kahe ko kha raha hai chut ki chapati aur lund ka beja?,,
598,,,,,Kali Choot Ke Safaid Jhaat,,
599,,,,,"Kutte ke poot, teri maa ki choot",,
600,,,,,"Lo, mera lund anpi behen ko de do, agar khud na chod paya",,
601,,,,,Lund Chus,,
602,,,,,Ma chudi,,
603,,,,,Mein teri maa ko teri bahen ki choot mein chodoonga aur tera baap laltern lekar aayega.,,
604,,,,,Mein teri maa ko liya tha uski suhaag raat pei.,,
605,,,,,Mera chunni choos,,
606,,,,,Meri lund choos,,
607,,,,,Mere Chuus Maro,,
608,,,,,"Na choot, na chooche, nakhre noor jahan ke!",,
609,,,,,Raand ka pati,,
610,,,,,Rundi ko chod,,
611,,,,,Rundi ki tatti pe baithnewaali makkhi,,
612,,,,,Rundi ke tatti pe biathne wala makhi,,
613,,,,,Terey baad di gaand wich danda ghussa ker rakh dhungi.,,
614,,,,,Teri behen ka launda rubber ka ,,
615,,,,,Theri Biwi ko Tere Saamne Chodhunga,,
616,,,,,Teri Gand Mein Haathi Ka Lund,,
617,,,,,Teri gaand main kute ka lund,,
618,,,,,Tere gaand mein keede paday,,
619,,,,,Teri Jhanten Kaat kar tere mooh par laga kar unki french beard bana doonga.,,
620,,,,,Teri ma gandi rundi,,
621,,,,,Teri ma gadha ka lund choosay,,
622,,,,,Teri maa ki bimaar badboodar choot,,
623,,,,,Teri ma ki choot me hathi ka dum,,
624,,,,,Teri ma ki chut mai sabka lund,,
625,,,,,Teri maa ki phudi guy ki hai,,
626,,,,,Teri maa ka bhosda,,
627,,,,,Teri maa ki chute,,
628,,,,,Tere mai ki chut tere baap ka land,,
629,,,,,Teri mi di kussi mey tera sarra khandan ko ghussa ker rakh doonga.,,
630,,,,,"Teri maa ki gaand ki baal mein jalaay hue, maarey hue chipkili ki unday.",,
631,,,,,Teri ma ki budh mein chaarpai bichhake teri bahen ko chodun.,,
632,,,,,Teri maa ki chut mein chatri leke ghus jaunga aur khol dunga.,,
633,,,,,Tere maa ko sau kutte chode - sau wa tera baap!,,
634,,,,,Tor mai ke chodho,,
635,Bewarsi,Bastard,(10%) (0%),,,,
636,Mukli muchkondu kutko,Cover your ass and shut the fuck up,(10%) (0%),,,,
637,Mukli tuth,Asshole,(0%) (0%),,,,
638,Rande,Bitch,(10%) (3%),,,,
639,Randi magane,Son of a whore,(10%) (0%),,,,
640,Saak thika muchappa,Shut the fuck up,(10%) (0%),,,,
641,shraddha,whore,(7%) (33%),,,,
642,Soole Maga,Son of a whore,(10%) (0%),,,,
643,Tulla,Pussy,(10%) (0%),,,,
644,Aab,Water,(9%) (7%),,,,
645,baaz akh de,give me one fuck,(1%) (1%),,,,
646,babba aasus manz choosni,sucking boobs,(1%) (1%),,,,
647,babbe kache chatai,i will cut ur bra,(9%) (6%),,,,
648,bablyaath,boob fuck,(9%) (5%),,,,
649,be lakhay beni,fuck your sister,(10%) (1%),,,,
650,beni gooud,sisters cunt,(10%) (2%),,,,
651,Beni lakhai,i will fuck your sister,(1%) (0%),,,,
652,beyani goood,sisters pussy,(9%) (7%),,,,
653,bh lakhai che,i will fuck you,(10%) (0%),,,,
654,Brahman chaenk,Virgin pussy,(8%) (23%),,,,
655,Chaaan,Carpenter,(0%) (0%),,,,
656,chakij,ass,(10%) (0%),,,,
657,chakjeh goud,asshole,(9%) (13%),,,,
658,Chapin,Sandal,(0%) (0%),,,,
659,che chui mazze lakhnas,You are so delicious while Fucking,(10%) (3%),,,,
660,Choti travi marchevangan,I will put chilly in Ur ass,(9%) (9%),,,,
661,Chotul,Asshole,(9%) (9%),,,,
662,chwath,ass,(10%) (2%),,,,
663,Dagaddalli maa de bacheio,Prostitute son,(0%) (100%),,,,
664,Dawa woal,Drugist,(10%) (0%),,,,
665,diyanawaan,getting Fucked,(10%) (0%),,,,
666,duniyah che khap,this world is waste,(0%) (100%),,,,
667,Fhalaan,Dick,(0%) (0%),,,,
668,fis,small dick,(10%) (0%),,,,
669,Gaan,Pervert and pimp,(0%) (0%),,,,
670,gaani bach,illegal son/daughter,(10%) (0%),,,,
671,Gees,Shit or poo,(10%) (0%),,,,
672,ghain,whore,(10%) (0%),,,,
673,Gooid prah,Thirsty for sex,(0%) (0%),,,,
674,Goudi Sawaer,"Humping, Pussy riding",(0%) (0%),,,,
675,guude,pussy,(0%) (0%),,,,
676,Ha kole madarchoda,Hey you motherfucker,(10%) (0%),,,,
677,Hahra,My wife brother,(0%) (0%),,,,
678,haramuk,Bastard,(10%) (0%),,,,
679,Hasna,Big Dick,(0%) (100%),,,,
680,Haspataal,Hospital,(0%) (0%),,,,
681,houn goudiuk,dog's asshole,(0%) (100%),,,,
682,kani jung,stone pelting,(0%) (0%),,,,
683,Khade daez,Woman with burnt vulva,(0%) (0%),,,,
684,khape chraethe,to fucking,(0%) (0%),,,,
685,khapkhap,fucking,(0%) (0%),,,,
686,Kucher,Dick,(10%) (0%),,,,
687,laith,cock,(10%) (0%),,,,
688,langan dimay darith,i will fuck your legs,(0%) (100%),,,,
689,lazmai bene,fuck your sister,(9%) (13%),,,,
690,lazmai goudis,fuck your pussy,(10%) (2%),,,,
691,Lazmaiye Mael Sinze Kori,Fuck your fathers daughter,(10%) (4%),,,,
692,Lazmayi babbun,I Fuck ur boobs,(10%) (2%),,,,
693,lazmie lyath,fuck you with my penis,(8%) (17%),,,,
694,Lechmayaa benzi,I'll fuck your niece,(0%) (0%),,,,
695,Lezmaye Lyaath,Fuck You,(9%) (5%),,,,
696,liyath chani goodis,put my dick in your pussy,(9%) (14%),,,,
697,lyaath,long dick,(10%) (3%),,,,
698,lyath kal,dick head,(0%) (0%),,,,
699,lyathee kale,dickhead,(9%) (13%),,,,
700,Lyathh,Dick,(0%) (100%),,,,
701,Ma lakh goudis,Fuck my pussy,(10%) (2%),,,,
702,maaji gooud,sisters cunt,(1%) (7%),,,,
703,maaji lakhai,i will fuck your mother,(10%) (0%),,,,
704,maeji guudh,mother's pusseehh,(0%) (100%),,,,
705,maeji lyaath,mother's dick,(9%) (7%),,,,
706,maelis lakhai,i will fuck your father,(8%) (17%),,,,
707,mambre kalle,penis head,(9%) (9%),,,,
708,Meethir,Pee or urine,(0%) (0%),,,,
709,Momri Kalle,Dickhead,(10%) (0%),,,,
710,MUAMD,very big dick,(1%) (2%),,,,
711,Mumer,Penis,(0%) (0%),,,,
712,Mye kya zok kadkhe,you can't even pluck my pubic hair,(9%) (9%),,,,
713,Naer,Arm,(0%) (100%),,,,
714,Pael,Nuts,(0%) (100%),,,,
715,phutyaa poon,your asshole will crack up,(0%) (100%),,,,
716,ponas lakhai,i will fuck your asshole,(8%) (17%),,,,
717,ponas manz chu chout kieom,you have got insect in your asshole,(9%) (5%),,,,
718,Ponne Tecczh,Underwear,(9%) (9%),,,,
719,Poon,Anus,(9%) (9%),,,,
720,poonus lakhai,fuck you from behind,(10%) (1%),,,,
721,rath mein lyath,suck my penis,(8%) (17%),,,,
722,sa here tok mi haijla,stupid bitch,(10%) (0%),,,,
723,Sabzi woal,Grocer,(0%) (0%),,,,
724,Seel tuluai,I'll Break your hymen,(10%) (0%),,,,
725,seous good,with small penis,(0%) (0%),,,,
726,Siiech,Tailor,(0%) (0%),,,,
727,Sous,Small asshole,(0%) (100%),,,,
728,Taech,Toilet,(0%) (0%),,,,
729,tche che baji bab,you have big tits,(10%) (0%),,,,
730,thapi karani,Fucking,(7%) (26%),,,,
731,Watul,Sweeper,(0%) (0%),,,,
732,Zakal ponz,Monkey with public hair,(10%) (0%),,,,
733,Zang,Legs,(0%) (0%),,,,
734,Zinhook,Illegal son,(0%) (0%),,,,
735,zoake goodh,Hairy passy,(0%) (0%),,,,
736,zok,pubic hair,(10%) (4%),,,,
737,zokke poan,hairy asshole,(10%) (0%),,,,
738,Zokkk,Pubic hair,(10%) (0%),,,,
739,Gandah kullah pudha,Big dirty pussy,(9%) (9%),,,,
740,Gandhu,Gay,(0%) (100%),,,,
741,Gandhu bastar,Gay bastad,(0%) (0%),,,,
742,Hanzeer da puthar,Son of a donkey,(9%) (9%),,,,
743,Jannay na puthar,Son of a man,(0%) (0%),,,,
744,Kalayah,Blacky,(10%) (0%),,,,
745,Khotah,Donkey,(0%) (0%),,,,
746,Khotay da puthar,Son of a donkey,(0%) (100%),,,,
747,Kuttah,Dog,(0%) (0%),,,,
748,Kuttay na puthar,Son of a dog,(0%) (0%),,,,
749,Kutthi,Bitch,(0%) (0%),,,,
750,Lan choop,Suck dick,(0%) (0%),,,,
751,Lofar,Street thug,(0%) (0%),,,,
752,Mammay,Tits,(0%) (0%),,,,
753,May thara pudha marsah,I'm gonna fuck your pussy,(0%) (0%),,,,
754,Nikki lan,Small dick,(0%) (0%),,,,
755,Pahari ki aulad,Sons of the mountains,(0%) (0%),,,,
756,Pudhu goray,Pussy white people,(10%) (0%),,,,
757,Randi na puthar,Son of a whore,(10%) (5%),,,,
758,Yadeenah,Fucker,(10%) (0%),,,,
759,amaa fui,mothers pussy,(10%) (3%),,,,
760,Amaa fui,pussy of mother,(10%) (0%),,,,
761,Amaa handhaan kurey,Remember your mom,(8%) (17%),,,,
762,amaa thalhaa,mother fucker,(0%) (100%),,,,
763,Badi,A girl who sleeps with many boys,(10%) (4%),,,,
764,Buri Loa valhu,Ass hole,(10%) (3%),,,,
765,Fada boe,drinking womens cum,(0%) (0%),,,,
766,Fada boey,Drink Mother's cum,(9%) (15%),,,,
767,Fada Thiki,Cum drop,(10%) (0%),,,,
768,Fatha folhi,Pussy,(10%) (0%),,,,
769,magey foah boe,suck my dick,(10%) (2%),,,,
770,mani boe,drinking cum,(10%) (3%),,,,
771,Nagoo balhu,Dog,(0%) (100%),,,,
772,nagoobalhu,bitch,(10%) (0%),,,,
773,"""Ninde ama, pati!""","Your mom, bitch!",(0%) (0%),,,,
774,Aaana kunna,Big dick,(1%) (0%),,,,
775,aan-vedi,man whore,(1%) (1%),,,,
776,achante andi,dads dick,(10%) (2%),,,,
777,Achinga Kunnan,A man with his dick like a beans,(1%) (0%),,,,
778,adichu poli,enjoy by fucking,(0%) (2%),,,,
779,Ajoli ka Thajoli,Transexual,(1%) (2%),,,,
780,ammaudi pootil poocha,cat in your mothers cunt,(1%) (2%),,,,
781,amminhnha,boobs,(9%) (7%),,,,
782,Andi pidiyan,Dick catcher,(10%) (5%),,,,
783,anna kunna,big dick,(1%) (1%),,,,
784,appikunna,dirty penis,(1%) (5%),,,,
785,arraykku chuttum poorruu ullaval,lady having pussy around waist,(10%) (1%),,,,
786,avaraathi,a man who like to fuck anywhere,(1%) (1%),,,,
787,avarathi mone,mothers dick fucker,(1%) (2%),,,,
788,chalam nakki,puss licker,(1%) (1%),,,,
789,Chandi,Ass,(10%) (1%),,,,
790,Chokka lingam,Sabeel,(1%) (2%),,,,
791,coondi,bum,(1%) (0%),,,,
792,Da patti,you dog / you bitch,(10%) (0%),,,,
793,eli kunna,small dick,(7%) (29%),,,,
794,Ettukali Patti Pooran,Spider Pussy Bitch,(10%) (0%),,,,
795,inchi mola,young hard boobs,(10%) (0%),,,,
796,johninte andi,small shrivelled black balls,(1%) (3%),,,,
797,kaatu poori,women with forest pussy,(10%) (1%),,,,
798,kallel oouuki,stone fucker,(7%) (26%),,,,
799,kandara oli,whore,(1%) (1%),,,,
800,kandi,shit,(10%) (2%),,,,
801,kandi theeni,a person who eats shit,(10%) (0%),,,,
802,Kandu,Girls pussy,(9%) (14%),,,,
803,Kanni,Virgin,(9%) (13%),,,,
804,Kanni mola,First breast,(0%) (0%),,,,
805,kara vedi,local area prostitute,(9%) (9%),,,,
806,karim kunna,black dick,(10%) (3%),,,,
807,karim pooran,black pussy,(9%) (13%),,,,
808,katta thayoli,motherfucking asshple,(9%) (15%),,,,
809,kazhappu perutha mairan,hairy dick in a wild mood,(5%) (47%),,,,
810,Keepu,Concubine,(10%) (4%),,,,
811,Kettal,Fucking,(8%) (17%),,,,
812,kodam nakiii,ass sucker,(10%) (2%),,,,
813,Kolekkeri,Whore,(1%) (2%),,,,
814,Koothara,"Cheap, low-class, clture-less",(10%) (1%),,,,
815,Koothi,anus,(1%) (0%),,,,
816,Koothichi,Bitch,(1%) (0%),,,,
817,kotham,Ass,(1%) (0%),,,,
818,kotham kalakki,fucking hardly through anus,(10%) (3%),,,,
819,kotham nakku,lick my ass,(1%) (0%),,,,
820,Koyimani,Penis,(1%) (2%),,,,
821,kuch,fart,(6%) (44%),,,,
822,kulamavuka,damaged and widened by over fucking,(9%) (6%),,,,
823,kundan,gay,(1%) (0%),,,,
824,kundaroli poori mone,gay asshole,(0%) (100%),,,,
825,Kundi,Ass,(10%) (1%),,,,
826,Kundi mon,Son of a anas,(1%) (1%),,,,
827,Kundi oota,Asshole,(0%) (0%),,,,
828,kundimol,lady with vibrating ass,(10%) (3%),,,,
829,kunji kunnan,man with small pennise,(10%) (3%),,,,
830,kunna,penis,(10%) (2%),,,,
831,Kunna,Dick,(1%) (0%),,,,
832,kunna chappu,suck cok,(1%) (0%),,,,
833,Kunna Oli,Dick Sucker,(0%) (0%),,,,
834,Kunna paal,Sperm,(1%) (0%),,,,
835,Kunna thayoli,Motherfucking Dick,(10%) (2%),,,,
836,kunna urunji,dick sucker,(10%) (4%),,,,
837,kunnappal,sperm,(0%) (100%),,,,
838,kushukk,fart,(1%) (1%),,,,
839,Lick Me,Anea Nakaa,(0%) (0%),,,,
840,malayalam,malayalam,(1%) (1%),,,,
841,Maratel ooki,Tree fucker,(10%) (4%),,,,
842,Masa,Prostitute,(9%) (7%),,,,
843,Mattanga Poore,Pumkin Pussy,(7%) (29%),,,,
844,Mayiradi mon,Son of the wavy pubic hair,(0%) (0%),,,,
845,Mlechan,Ignorant,(0%) (0%),,,,
846,mola,boobs,(10%) (2%),,,,
847,moonchikko,do suck,(9%) (9%),,,,
848,Mula Adi,Your boobs swung,(10%) (0%),,,,
849,mula chappu,suck boobs,(1%) (0%),,,,
850,mula kashakku,squeeze boobs,(1%) (0%),,,,
851,mula mol,big boobs girl,(9%) (13%),,,,
852,Myir,Pubes,(10%) (0%),,,,
853,Myre,Pubic hair,(9%) (9%),,,,
854,Myrru,Pubic Hair,(1%) (0%),,,,
855,Naayi meedan,Dog faced bitch,(0%) (0%),,,,
856,nayinte mone,Son of a dog,(1%) (0%),,,,
857,Nayinte Mone,Son Of A Bitch,(10%) (0%),,,,
858,Nayinte Monne,Son of a Bitch,(10%) (0%),,,,
859,ninde andi maire,your dick hair,(1%) (1%),,,,
860,Ninte ama koondi ishtima,Your mom likes ass,(9%) (6%),,,,
861,Ninte ammakku vettu nayinte mone,fuck your mother you son of a bitch,(1%) (1%),,,,
862,Ninte ammaku vetu,Fuck your mom,(0%) (100%),,,,
863,ninte ammeda tar,your moms black cum,(1%) (2%),,,,
864,Ninte Ammede Kothil.,In your mothers ass hole.,(1%) (0%),,,,
865,ninte ammede pooru,your mothers pussy,(1%) (0%),,,,
866,Ninte ammede thenga mairu,your moms coconut pubes,(10%) (0%),,,,
867,ninte appante andi,your fathers dick,(10%) (1%),,,,
868,Odu myre,run pubic motherfucker,(10%) (3%),,,,
869,ookki,fucked,(10%) (5%),,,,
870,oomban,sucker,(7%) (29%),,,,
871,oombi mon,dick sucker,(1%) (1%),,,,
872,Oooomb,Fuck off,(0%) (100%),,,,
873,Ootan,To suck,(0%) (0%),,,,
874,paara pooru,less used hard pussy,(9%) (6%),,,,
875,paareel ookki,fucking the rock,(1%) (1%),,,,
876,Pacha tayolli,green motherfucker,(9%) (9%),,,,
877,Pachila Pooran,Green Leaf Pussy Man,(10%) (1%),,,,
878,Paik keriko myra,fuck that cow,(10%) (0%),,,,
879,paiku vetti,fucking the cow,(10%) (0%),,,,
880,pala thanthakkundaya thaoli,son born 2 many fathers,(10%) (1%),,,,
881,pallinedayil kanthu,clitoris sucking,(1%) (1%),,,,
882,pambara kutichi,whore,(10%) (1%),,,,
883,pampara thayoli,fucking mother and rounding,(9%) (6%),,,,
884,panchavarna kunna,a dick with 5 colors,(10%) (0%),,,,
885,pandi kallan,tamil thief,(9%) (9%),,,,
886,panniyoli,pig fucker,(9%) (9%),,,,
887,para andi oomba,other's dick sucker,(1%) (1%),,,,
888,Para kutichi,whore,(10%) (5%),,,,
889,para thayoli punda mon,worst man with puzzy,(9%) (9%),,,,
890,parii,dick,(9%) (9%),,,,
891,pathala poor,deep pussy,(0%) (100%),,,,
892,patti poori mon,a person who have pussy like dog,(0%) (0%),,,,
893,patty theettam,dog shit,(10%) (0%),,,,
894,Pela molichi,Unfair Girl,(1%) (3%),,,,
895,Pela vedi,Most Prostitute,(10%) (5%),,,,
896,pela vedi kandaroli,huge whore,(10%) (3%),,,,
897,petty,ass,(10%) (2%),,,,
898,Pezhachu Pettavan,One who was born to a slut,(0%) (100%),,,,
899,Poda Thayoli,Fuck you motherfucker,(1%) (3%),,,,
900,podda Patti,go away dog,(10%) (0%),,,,
901,pola vettu,shouting bad words,(0%) (0%),,,,
902,poochi,fuck,(0%) (100%),,,,
903,Pooranddi,Pussy+dick,(10%) (3%),,,,
904,poore ennayil tenni veetil poda,skid back home in vaginal oil,(0%) (0%),,,,
905,Poori mone,Son of big Pussy mother,(1%) (0%),,,,
906,Poorri,Girl with big puzzy,(1%) (0%),,,,
907,Pooru,pussy,(9%) (5%),,,,
908,pooru,vagina,(10%) (1%),,,,
909,Pooru Montha,Cunt Face,(0%) (0%),,,,
910,poottaavi,pussy steam,(1%) (0%),,,,
911,poottile mathycurry,fish curry inside pussy,(10%) (0%),,,,
912,poyi ninte kunna oombadaa,Go suck your dick,(0%) (100%),,,,
913,poyi oombada,go suck a dick man,(0%) (0%),,,,
914,praa thayolli,universal mother fucker,(10%) (2%),,,,
915,Puchi,Pussy,(0%) (100%),,,,
916,pudti puliyadi,half breed mongrel,(0%) (0%),,,,
917,Pulayadi monae,Son of a whoremonger,(1%) (1%),,,,
918,pundachi mone,sone of a bitch,(1%) (0%),,,,
919,Purusha Vedi,Gigalo,(1%) (1%),,,,
920,rainayude poore,BIGGEST PUSSY in the world,(9%) (6%),,,,
921,Santhosh Pandit,Idiot,(1%) (0%),,,,
922,Shukla mughan,sperm face,(10%) (5%),,,,
923,shuklam dheeni,sperm eater,(1%) (0%),,,,
924,shuklam nakki,sperm licker,(10%) (3%),,,,
925,Takkali pooru,red hot tomato like pussy,(10%) (0%),,,,
926,Thaayoli,Mother fucker,(9%) (7%),,,,
927,thabala pooran,pussy drummer,(10%) (1%),,,,
928,thakara thayoli,BIG damn mother fucker,(10%) (3%),,,,
929,Thallayoli,Mother Fucker,(1%) (0%),,,,
930,Thalleyoli,Mother fucker,(9%) (9%),,,,
931,thayolee,mother fucker,(1%) (1%),,,,
932,thayoli,mother fucker,(10%) (2%),,,,
933,Thayoli,Mother Fucker,(1%) (0%),,,,
934,thayoli idli,Tamil Motherfucker,(1%) (0%),,,,
935,Thayoli idli,Salman Khan,(10%) (1%),,,,
936,Theetam,Human feces,(10%) (1%),,,,
937,theetta moran,a man whose face like shit,(10%) (2%),,,,
938,theettam,shit,(10%) (1%),,,,
939,theettathel ookki,fuck with shit,(10%) (3%),,,,
940,THENGA MYRE,coconut like pubic hair,(0%) (0%),,,,
941,Thenga pooru,Coconut pussy,(10%) (0%),,,,
942,Thevadichi,Prostitute,(10%) (1%),,,,
943,Thokolli kalla sami,Sandeep,(1%) (5%),,,,
944,Thukal Kunna,Leather penis,(10%) (5%),,,,
945,umman,man who kiss,(10%) (5%),,,,
946,vada,navel button on woman,(9%) (9%),,,,
947,Vadam vali,English,(9%) (14%),,,,
948,vali,fart,(10%) (2%),,,,
949,Vayilitto,Suck my dick,(1%) (3%),,,,
950,vedi,prostitute,(1%) (0%),,,,
951,vedi pura,brothel,(10%) (1%),,,,
952,vedi vekkuka,fucking,(8%) (23%),,,,
953,Veppatti,Bitch / personal prostiute,(10%) (3%),,,,
954,veshya / veshi,prostitute,(1%) (0%),,,,
955,vettukili,nikhil,(7%) (31%),,,,
956,Viral Iduka,Fingering,(10%) (2%),,,,
957,vouvalinu undaya thayoli,"son of a bat , motherfucker",(10%) (2%),,,,
958,aai chi gand,Moma's ass,(1%) (0%),,,,
959,Aai ghalya,mother fucker,(0%) (0%),,,,
960,aai javada,mother fucker,(1%) (0%),,,,
961,aaichya gavat pay,leg in mothers village,(1%) (2%),,,,
962,Aandya,Penis,(1%) (3%),,,,
963,ai zawlee,fuck your mother,(1%) (0%),,,,
964,akkar mashi,pimp,(1%) (2%),,,,
965,Aye Jhaatu,You Pubic hair,(10%) (3%),,,,
966,ayica dana,mother cunt,(1%) (2%),,,,
967,Badak Zawarya,duck fucker,(9%) (7%),,,,
968,Bhadavya,pimp,(1%) (0%),,,,
969,Bhikaar Chot,You Beggar's Dick,(1%) (1%),,,,
970,Bhosada,Loose stretched well used pussy,(10%) (4%),,,,
971,Bin gotyaachya,Man without testis,(1%) (0%),,,,
972,Bulli chokya,Penis sucker,(10%) (0%),,,,
973,Chhaiyla,Mother fucker,(6%) (44%),,,,
974,Chhinal,Whore,(10%) (3%),,,,
975,Chinaal maichya,Son of whore,(10%) (0%),,,,
976,chinal,bitch,(8%) (17%),,,,
977,chut marichya,pussy fucker,(1%) (0%),,,,
978,Chut Marichya,Pussy Fucker,(10%) (2%),,,,
979,fodri pisaat,pussy maniac,(10%) (3%),,,,
980,Fodricchya,Son of a bitch,(10%) (1%),,,,
981,fokanchidy,birds hole,(9%) (10%),,,,
982,Foknicha,Son Of prostitute,(1%) (0%),,,,
983,Gand khaya,Ass eater,(10%) (5%),,,,
984,Gand phatli bhenchod,Ass teared,(10%) (0%),,,,
985,Gandit Ghuslo,fucked you in the ass (doggy style),(1%) (1%),,,,
986,Gandoo,Asshole,(1%) (0%),,,,
987,Gav Zawadi,Woman who is used by everyone,(10%) (0%),,,,
988,Hepari,Woman who gets fucked too much,(10%) (0%),,,,
989,Jhavadya,fucker,(1%) (0%),,,,
990,Kanadal,Woman who is very horny itchy Cunt,(10%) (0%),,,,
991,khargatya gandicha,unwashed ass,(10%) (2%),,,,
992,Khullya lavdyacchya,Son of a lunatic man,(10%) (0%),,,,
993,lal gandya,red ass,(10%) (5%),,,,
994,Laudu,My penis,(1%) (1%),,,,
995,Lavadya,penis,(1%) (0%),,,,
996,Lingapisat,Pussy obsessed,(10%) (5%),,,,
997,madarchod,mother fucker,(10%) (2%),,,,
998,madarchoth,fuck ur mom,(10%) (3%),,,,
999,marathi,marathi,(10%) (2%),,,,
1000,Muttha,Serial masturbator,(10%) (2%),,,,
1001,Paadar Gandichya,Farty Assed,(10%) (2%),,,,
1002,pachi bota bhundyat,all 5 fingers in ur ass,(10%) (2%),,,,
1003,phodarphatya,One with torn cunt,(10%) (3%),,,,
1004,Phodree Pisat,Pussy Crazy,(10%) (5%),,,,
1005,Pucchi Khajvya,Pussy Scratcher,(0%) (0%),,,,
1006,puchi,pussy,(10%) (4%),,,,
1007,Raandichya,You son of a whore,(10%) (1%),,,,
1008,Randechya,Son of a bitch,(0%) (0%),,,,
1009,Shanya lavdyacchya,Son of a wise man,(0%) (100%),,,,
1010,shata ki chutney,pubic hair chutney,(10%) (0%),,,,
1011,shattya,your mother's pussy,(1%) (2%),,,,
1012,Shebnya,Chut lover,(10%) (0%),,,,
1013,Telkat Randi,Oily whore,(10%) (0%),,,,
1014,tondaat gay,suck my dick,(1%) (0%),,,,
1015,tujha aila kutryawani zawin,will fuck ur mother like dog,(10%) (1%),,,,
1016,tuji ai mutli madkyat phala-phala,ur mother pissed in pot,(0%) (0%),,,,
1017,Tuji aiee chi gaand,fuk your mothers ass,(1%) (2%),,,,
1018,Tujya aaicha puchha,Your mother's pussy,(9%) (9%),,,,
1019,tuza baap dhandewala,your father prostitute,(10%) (5%),,,,
1020,tuzi aai padli madkyat,your mother farted in a bowl,(10%) (2%),,,,
1021,tuzi aai padli tuzya tondat,your mother farted in your mouth,(10%) (2%),,,,
1022,tuzua aaichi pucchi viskatli 40 ekrat,mothers pussy spread in 40 acres,(10%) (2%),,,,
1023,Tuzya aai chi Phodree,Your mothers pussy,(10%) (0%),,,,
1024,tuzya aaicha foda,your mother pussy,(10%) (1%),,,,
1025,tuzya aaicha lavda,your mother penis,(10%) (2%),,,,
1026,tuzya aaichi gand,ass of your mother,(10%) (1%),,,,
1027,tuzya aaichi pucchi,your mother's pussy,(10%) (2%),,,,
1028,tuzya aaichya gandit mungya,ants in your mother's ass,(1%) (5%),,,,
1029,tuzya aaichya pucchila chavla kutra,dog have bitten your mothers pussy,(10%) (1%),,,,
1030,tuzya aaichya pucchila chavla sap,dog have bitten your mothers pussy,(1%) (2%),,,,
1031,tuzya aaila zavla kala kutra,black dog fucked your mother,(10%) (2%),,,,
1032,Tuzya aii zavneya tuzya baapla,You mother fucked your father,(10%) (4%),,,,
1033,Tuzya bapacha pay adakla sandasat.,Your father's leg got stuck in toilet wastehole.,(10%) (1%),,,,
1034,Tuzya gaandit paay,Leg in ur ass,(10%) (3%),,,,
1035,Yadzava,Idiot fucker,(10%) (0%),,,,
1036,yadzavya,mad fucker,(10%) (3%),,,,
1037,Yeda lavdya,Crazy dick,(9%) (9%),,,,
1038,zavadya,fucker,(9%) (7%),,,,
1039,Zavkhor,One who fucks regularly,(0%) (0%),,,,
1040,zavnya,fucker,(1%) (1%),,,,
1041,ABHADRA,MANNERLESS,(10%) (3%),,,,
1042,Baanda,Penis,(1%) (0%),,,,
1043,Bada bou ghia,aunty fucker,(1%) (1%),,,,
1044,banda,penis,(10%) (0%),,,,
1045,Banda,Penis,(1%) (1%),,,,
1046,banda chhod,masturing,(10%) (3%),,,,
1047,Banda mundi,Tip of pennis,(1%) (0%),,,,
1048,BARBARA,CLUELESS,(10%) (0%),,,,
1049,Batakara (pela),balls,(10%) (3%),,,,
1050,bedha bia,fucking pussy,(10%) (3%),,,,
1051,Bedha toka,son of prostitute,(1%) (1%),,,,
1052,Bedha Toke,Bastard Girl,(1%) (1%),,,,
1053,bedhei,a prostitute,(10%) (4%),,,,
1054,Bedhei pua,Son of Prostitute.,(10%) (2%),,,,
1055,bhauni giha,sister fucker,(10%) (2%),,,,
1056,bia fata mada,fucking till satisfaction,(1%) (1%),,,,
1057,bia ku darkar jaghanya gihan,cunt need's very hard fucking,(8%) (17%),,,,
1058,Biaa,Vagina,(1%) (0%),,,,
1059,Bija,Semen,(0%) (0%),,,,
1060,Biya chudi,Vagina buster,(10%) (5%),,,,
1061,Bujula,Boobs,(8%) (21%),,,,
1062,chodipua,rascal fellow,(10%) (3%),,,,
1063,chukiba,sucking penis,(10%) (5%),,,,
1064,dana,boobs,(10%) (2%),,,,
1065,Faizan,Cunt,(10%) (0%),,,,
1066,fusa chata,ass sucker,(10%) (0%),,,,
1067,fusa kura,ass itcher,(0%) (0%),,,,
1068,Gaandiaa,Gay Bottom,(0%) (0%),,,,
1069,gandi,ass,(10%) (2%),,,,
1070,Gandi gia,Ass fucker,(10%) (2%),,,,
1071,Gandi Mara Sankara,Ass fucker bastard,(1%) (0%),,,,
1072,Gandire Banda,Cock in the Ass,(0%) (0%),,,,
1073,Gayee de,Fuck off,(9%) (7%),,,,
1074,gehiba,fucking,(10%) (1%),,,,
1075,Ghoda Gehin Pua,Son of Horse Fucker,(10%) (2%),,,,
1076,Ghoda Ghein Bedha Toke,Horse Fucking prostitute girl,(1%) (0%),,,,
1077,Ghusuri ghiaa,Pig fucker,(10%) (0%),,,,
1078,Goola gandha,Stinking boobs,(10%) (0%),,,,
1079,gosti gian,fucker family,(0%) (0%),,,,
1080,Guola,Boobs,(9%) (6%),,,,
1081,Hagura magia,Coward mother fucker,(10%) (0%),,,,
1082,Han ta nalire goithe,kick at his dick,(8%) (17%),,,,
1083,hinjada,enuch,(10%) (2%),,,,
1084,hinjida,enuch,(10%) (1%),,,,
1085,Laathi biya re kaathi,Stick in girlfriends pussy,(9%) (9%),,,,
1086,Maa bia ra pua,Son of the mother's vagina,(0%) (0%),,,,
1087,Maa ghia,Mother fucker,(9%) (9%),,,,
1088,Maa gia,Fuck your mother,(10%) (0%),,,,
1089,maagya,mother fucker,(10%) (1%),,,,
1090,madarchaut,mother fucker,(10%) (4%),,,,
1091,Mankada ghiya,monkey Fucker,(10%) (2%),,,,
1092,mankada giha,monkey fucker,(10%) (1%),,,,
1093,mo priya ra bia re lagichi nia!!!!!,there is fire in my lovers vagina,(1%) (0%),,,,
1094,Mo Priya ra Gandi re Niya,Fire in my lovers Ass,(10%) (1%),,,,
1095,Moro banda chaape,Suck my dick,(9%) (9%),,,,
1096,Mu tomo bhallo pauchu,"Guy means ""I want to fuck u..eventually""",(7%) (26%),,,,
1097,Muuthi mara magia,Masturbating motherfucker,(9%) (13%),,,,
1098,naani bia re ghian,fuck your sister pussy,(1%) (0%),,,,
1099,Nanna gia,Father fucker,(10%) (0%),,,,
1100,PASANDA,UNEDUCATED,(10%) (0%),,,,
1101,Pela,Balls ( Scrotum),(10%) (0%),,,,
1102,Pela phata maada,Balls buster shot,(10%) (5%),,,,
1103,pelei pua,bastard,(1%) (1%),,,,
1104,Pelei pua,Son of fucker,(10%) (5%),,,,
1105,Pelei Puo,Son of bitch,(10%) (0%),,,,
1106,PUDI,VAGINA,(0%) (0%),,,,
1107,randa (Pronounce Ra as robbery not as rabbit,prostitute,(1%) (0%),,,,
1108,Randa ku banda dhamakani,a penis threatening to a whore,(10%) (2%),,,,
1109,Randi puo,Prostitute's son,(0%) (0%),,,,
1110,senti,vagina hole,(1%) (1%),,,,
1111,Senti,Clitoris,(0%) (0%),,,,
1112,Tate Gehibi,I will fuck you,(10%) (2%),,,,
1113,Thoola phata maada,Sex till balls are swollen,(10%) (0%),,,,
1114,To bhauni bia re ghia,Fuck in your sister's cunt,(10%) (5%),,,,
1115,To bou BIA,Your Mother Vagina,(10%) (2%),,,,
1116,To Gandire Ghien,Fuck your Ass,(10%) (0%),,,,
1117,To Gandire Mo Banda,My Cock in your Ass,(10%) (0%),,,,
1118,To Maa Bia re ghein,Fuck you in your mother's vagina,(10%) (1%),,,,
1119,To Maa Biya Re Ghen,Fuck you mother's cunt,(10%) (2%),,,,
1120,To maa ku gihe,I will fuck your mother,(9%) (5%),,,,
1121,to maa ku kukur gaheun,will fuck ur mother like dog,(8%) (21%),,,,
1122,To Maipa Biaare gihen,Fuck your wife's Cunt,(10%) (0%),,,,
1123,To Maipa Biaare Gihen,Shall Fuck in your wife's cunt,(0%) (0%),,,,
1124,To Maipa Gandi maribi,Shall fuck your wife's Ass,(10%) (1%),,,,
1125,To Maipa Gandire gihen,Fuck your wife's Ass,(10%) (0%),,,,
1126,bakvas,bullshit,(10%) (1%),,,,
1127,bhen chod,fuck your sister,(10%) (4%),,,,
1128,Choohi,Penis,(1%) (2%),,,,
1129,Fudu,Dick,(1%) (7%),,,,
1130,Haram Jaada,Annoying Fuck,(1%) (5%),,,,
1131,kalan,mad,(10%) (0%),,,,
1132,kudi chod,daughter fucker,(10%) (0%),,,,
1133,Kuri yani,Fuck your daughter,(10%) (0%),,,,
1134,kuri yawa,daughter fucker,(10%) (2%),,,,
1135,Kuthe Di Poosh,Dogs Tail,(10%) (3%),,,,
1136,Kuthe Kambakhte,Fucking Dog,(1%) (1%),,,,
1137,Laaaaauvre,Dick,(0%) (0%),,,,
1138,Lan di Jhoon,Dick Hair,(1%) (1%),,,,
1139,lun tay charja,ride someones dick,(10%) (0%),,,,
1140,Lun te Waj,Jump on my dick,(10%) (4%),,,,
1141,Momay,Tits,(10%) (2%),,,,
1142,Pan chod,Sister fucker,(10%) (0%),,,,
1143,peyu di gand vich ungal,finger in father ass,(0%) (0%),,,,
1144,Phuddy,Pussy,(10%) (1%),,,,
1145,soor da lora,pigs son,(0%) (0%),,,,
1146,teri maa di fudi,your mother's pussy,(10%) (0%),,,,
1147,Teri paan di chiter,Your sisters ass,(10%) (3%),,,,
1148,Teri pan di lun,Your sister's dick,(10%) (2%),,,,
1149,tutoo,useless,(0%) (100%),,,,
1150,Tutti,Shit,(10%) (1%),,,,
1151,Bagul butcha,Crazy boy,(1%) (1%),,,,
1152,Bewakoof,Stupid,(0%) (0%),,,,
1153,Bhen da shola,Sister's Pussy,(0%) (0%),,,,
1154,Bhen Da Yaar,Sister's Boy Friend,(0%) (0%),,,,
1155,Bhenchod,Sister Fucker,(0%) (0%),,,,
1156,Bhenchode,Sister Fucker,(10%) (1%),,,,
1157,bhonsdu,ass sucker,(1%) (0%),,,,
1158,Bibi di fudi,Grandmothers pussy,(0%) (0%),,,,
1159,bokki,pussy,(9%) (8%),,,,
1160,Bondu,Gay,(0%) (0%),,,,
1161,bondu,homosexual,(10%) (1%),,,,
1162,bund,ass,(1%) (1%),,,,
1163,Bund,Ass,(0%) (0%),,,,
1164,bund de,let me fuck your ass,(10%) (3%),,,,
1165,Bund Mara,Get ass fucked,(1%) (0%),,,,
1166,Bund marr,Fuck the ass,(10%) (5%),,,,
1167,chaval,scoundrel,(1%) (0%),,,,
1168,Chitta Bander / Kalla Bander,White Monkey / Black Monkey,(1%) (0%),,,,
1169,Chitterchort,Bum Shagger,(0%) (0%),,,,
1170,choos mera badaam,suck my nuts,(10%) (5%),,,,
1171,chutha,vagina,(1%) (1%),,,,
1172,Chutiyaa,"Idiot, Asshole",(0%) (0%),,,,
1173,chuttiya,shifty cunt,(10%) (3%),,,,
1174,dallah,pimp,(1%) (0%),,,,
1175,Dhila lan de padiash,born by lose dick,(1%) (0%),,,,
1176,Fooduu,Dumbass,(9%) (14%),,,,
1177,fuddi hayon da,pussy sucker,(1%) (0%),,,,
1178,fudi,pussy,(1%) (0%),,,,
1179,Fudi chut,Lick pussy,(10%) (0%),,,,
1180,Fudi da tataa,Testies of vagina,(1%) (1%),,,,
1181,fudi fry karna,making out,(9%) (6%),,,,
1182,fudi hyounda,pussy lips,(10%) (4%),,,,
1183,gand,ass,(10%) (0%),,,,
1184,gandu,gay/botty man,(1%) (0%),,,,
1185,Gandu,Gay,(1%) (1%),,,,
1186,ganndu,gay,(10%) (2%),,,,
1187,Gashti,Whore,(1%) (0%),,,,
1188,ghashti,bitch,(1%) (1%),,,,
1189,haram da,son of a bastard,(1%) (0%),,,,
1190,harami saale,son of bitch,(1%) (1%),,,,
1191,Haramjada,Bastard,(1%) (0%),,,,
1192,Jaa apne braah nu chod laa,Go fuck your brother,(1%) (0%),,,,
1193,kala lulla pi,drink black dick,(9%) (9%),,,,
1194,kanjar,male prostitue,(1%) (0%),,,,
1195,Kanjar,Male Whore,(1%) (0%),,,,
1196,Kanjari,Female Whore,(1%) (0%),,,,
1197,Kenjer,Fucker,(9%) (13%),,,,
1198,Khota,Donkey,(1%) (0%),,,,
1199,kissey kuti ma da puttar,some bitch mothers son,(1%) (0%),,,,
1200,Klatch,Idiot/dickhead,(10%) (0%),,,,
1201,Kuta,Dog,(1%) (0%),,,,
1202,kuta,dog,(10%) (3%),,,,
1203,Kutha,Male Dog,(1%) (0%),,,,
1204,kuthay da puthar,son of a dog,(1%) (0%),,,,
1205,Kuthi,Female Dog,(1%) (0%),,,,
1206,kuti,"female dog, bitch",(1%) (0%),,,,
1207,Laan tare mow nee,Your mums dick,(10%) (2%),,,,
1208,lan chat,lick cock,(1%) (0%),,,,
1209,lan choos,suck cock,(1%) (0%),,,,
1210,Lauda,Dick,(10%) (0%),,,,
1211,Lul,Dick,(1%) (1%),,,,
1212,lula bahonder tup,go suck monkey dick,(10%) (0%),,,,
1213,lula chooshe,suck dick,(10%) (4%),,,,
1214,Lun,Dick,(1%) (0%),,,,
1215,Lun choos,Suck my cock,(0%) (100%),,,,
1216,Lun Chung,Suck Dick,(1%) (0%),,,,
1217,Lun kurra how gaya,I have a hard on,(10%) (0%),,,,
1218,lun te charrh,sit on my dick,(10%) (2%),,,,
1219,Lund,Dick,(0%) (0%),,,,
1220,Lund Chuss,Suck Dick,(1%) (0%),,,,
1221,Lunni,Small dick,(10%) (0%),,,,
1222,Ma chod,Mother fucker,(1%) (0%),,,,
1223,ma di podi,mums fanny,(1%) (1%),,,,
1224,maa-jhouda,motherfucker,(1%) (1%),,,,
1225,Maan Da Yaar,Mother's Boy Friend,(1%) (0%),,,,
1226,MaanChod,Mother Fucker,(1%) (0%),,,,
1227,Mamai,Boobs,(1%) (0%),,,,
1228,Mamai Chuss,Suck Boobs,(1%) (0%),,,,
1229,mamai patta,grope tits,(1%) (1%),,,,
1230,mango,dirty little shit,(1%) (3%),,,,
1231,mao ni puddi,your mums vagina,(9%) (13%),,,,
1232,matarchod,fuck ur mother,(1%) (1%),,,,
1233,Mau ni yakk,Mother fucker,(0%) (100%),,,,
1234,Meh tera tueh vich aangliyan devan,Im gonna finger ur ass,(10%) (3%),,,,
1235,Menu zor nal lan mar,Fuck me hard,(10%) (0%),,,,
1236,Mera lan sakht ah,My dick is hard,(9%) (12%),,,,
1237,Mera lan tera tueh ki paarsi,My dick is gonna rip ur ass,(10%) (2%),,,,
1238,Mera lun choos ta aangly mar,Suck my dick and finger me,(10%) (0%),,,,
1239,mera lund teri bund de betch,my dick in ur ass,(1%) (0%),,,,
1240,mere lund tey charr ke nach!,get on my cock and dance!,(10%) (0%),,,,
1241,Meri Tutti Kha,Eat my shit,(1%) (0%),,,,
1242,Mume,Breast,(10%) (2%),,,,
1243,Muth Maar,Masturbate,(1%) (0%),,,,
1244,nuts ko suck kurrow,suck my nuts,(9%) (7%),,,,
1245,pad mar,do a fart,(1%) (0%),,,,
1246,Pan da yaar,Sister's friend or sister fucker,(10%) (5%),,,,
1247,Panchod salaa,Fucking Bastard,(1%) (2%),,,,
1248,Peshaab,Piss,(10%) (5%),,,,
1249,phen chodtha,sister fuck,(10%) (1%),,,,
1250,poo,tatti,(1%) (1%),,,,
1251,Pud,Fart,(10%) (0%),,,,
1252,Puddu,Idiot,(1%) (2%),,,,
1253,Pudhi avandeya,Cunt (male person),(10%) (5%),,,,
1254,Pudi,Pussy,(1%) (0%),,,,
1255,randi,slut/whore,(1%) (1%),,,,
1256,soor,pig,(1%) (0%),,,,
1257,Tatte,Testicals,(1%) (0%),,,,
1258,tatte chaude,wide separated testes,(9%) (10%),,,,
1259,tatte fad lo,hold my balls,(10%) (0%),,,,
1260,tatte hayon da,testis sucker,(1%) (1%),,,,
1261,taxi,slut,(1%) (1%),,,,
1262,Teri Bhen Dee Fuddi Mari,I'll fuck your sister,(1%) (1%),,,,
1263,teri bhen di ghusi,your sisters pussy,(10%) (0%),,,,
1264,teri bund ch lakad,fuck ur ass,(1%) (1%),,,,
1265,Teri bund marni aa,I wanna fuck your ass,(10%) (0%),,,,
1266,teri fudi wich lul marya,i want to fuck you,(0%) (0%),,,,
1267,Teri ma da ghusa,Your mothers pussy,(0%) (0%),,,,
1268,Teri ma di khali phudi,your mums black cunt,(1%) (0%),,,,
1269,Teri ma the fudi,Your mom's pussy,(1%) (0%),,,,
1270,teri maa da fudda,your's mother big vagina,(10%) (1%),,,,
1271,teri maa da posrha,your's mother vagina,(10%) (4%),,,,
1272,Teri maa dai ccholay,Your mothers balls,(1%) (1%),,,,
1273,teri maa dee tutee swaad ya,your mom's shit taste good,(1%) (1%),,,,
1274,Teri maa di gandi phuddi,Your mums dirty fanny,(1%) (0%),,,,
1275,Teri Maa Di Koosii Kay Uppar !,Up Your Mothers Ass!,(10%) (0%),,,,
1276,teri maa di pudi vich lath,leg in your moms pussy,(1%) (0%),,,,
1277,teri maa nu lund,cock to your mother,(10%) (4%),,,,
1278,Teri Maan Dee Fuddi Mari,I'll fuck your mother,(1%) (1%),,,,
1279,teri paan dee lund,your sister's cock,(1%) (0%),,,,
1280,Teri paan di fudi parrne,im goin to rip your sister pussy,(1%) (1%),,,,
1281,teri paen nu lan,dick in your sisters pussy,(1%) (0%),,,,
1282,Teri pain dha pahraya hoya phudda,Your sisters ripped pussy,(10%) (4%),,,,
1283,teri pen da pudda,your sisters pussy,(1%) (0%),,,,
1284,terri ma di fuid parne,i am gonna rip your mom's pussy,(1%) (1%),,,,
1285,topa,dick head,(1%) (0%),,,,
1286,Topa,Dickhead,(1%) (0%),,,,
1287,Topa te beja,Sat on the top of my cock,(1%) (1%),,,,
1288,Tu Bhen Da Yaar,You are your sister's boyfriend,(1%) (1%),,,,
1289,Tu Maan Da Yaar,You are your mother's boyfriend,(1%) (0%),,,,
1290,tu vich leni daa.,u fucked in womb.,(1%) (1%),,,,
1291,Tutta,One of your balls,(8%) (17%),,,,
1292,Tuttay,balls,(1%) (3%),,,,
1293,Guddha naku,Lick as,(1%) (0%),,,,
1294,Guddha pagala dengutha,I will fuck the ass untill breakage,(1%) (0%),,,,
1295,aathulu,pubic hair,(1%) (0%),,,,
1296,aathulu peeku,pluck my pubes,(10%) (1%),,,,
1297,aathulu peekutha,pluck your pubes,(1%) (0%),,,,
1298,Aati Mokka,Pubic hair,(10%) (5%),,,,
1299,akka bokka lO naa sulla,my dick in sister's pussy,(10%) (2%),,,,
1300,akka nee pooku dengutha,"sister, i'll fuck you",(1%) (1%),,,,
1301,amma pooku ki baanisa,slave to mother's pussy,(9%) (13%),,,,
1302,amma pooku lo arati pandu,banana in mommys pussy,(10%) (0%),,,,
1303,ATTHA POOKU DENGINA ALLDU,SON IN LAW WHO FUCKED MOTHER IN LAW,(1%) (0%),,,,
1304,bochu,"hair, pubic hair",(1%) (0%),,,,
1305,Bosudi,Bitch,(0%) (0%),,,,
1306,chilipiga thittatam,english,(1%) (4%),,,,
1307,Chitthu Pooka,Waste cunt,(1%) (1%),,,,
1308,Dengithe dayyalu pudatai,Ghosts will born if I fuck you,(0%) (0%),,,,
1309,Dengu,Fuck,(0%) (0%),,,,
1310,doola lanja,horny whore,(10%) (2%),,,,
1311,Gaadida Pichaloda,You are a Donkey Dick,(10%) (2%),,,,
1312,Gaja madda,Elephants dick,(9%) (9%),,,,
1313,golli cheeku ra kodaka,suck my clit son,(1%) (1%),,,,
1314,golli chekutha lanja,suck your clit whore,(10%) (4%),,,,
1315,Gudda,Arse,(1%) (0%),,,,
1316,gudda,asshole,(1%) (0%),,,,
1317,gudda naaku,lick the asshole,(1%) (1%),,,,
1318,Hasta Prayogam chai,Masturbate,(1%) (0%),,,,
1319,Jinniappa,Balls,(9%) (9%),,,,
1320,kammani pooku,sweet cunt,(1%) (1%),,,,
1321,Kojja,Homosexual,(9%) (7%),,,,
1322,Konamodda,Front ball of the Dick,(1%) (1%),,,,
1323,kukka -pooka,bitch's cunt,(1%) (1%),,,,
1324,kukka sulli,Dog's dick,(1%) (0%),,,,
1325,Kuthuru vongudu..alludu dhengudu,daughter.bends..son in law fucks,(10%) (3%),,,,
1326,LANGA VIPPAVAE LANJAA,REMOVE YOUR PETTI COAT,(1%) (0%),,,,
1327,lanja,prostitute,(1%) (0%),,,,
1328,lanja - kodka,son of a prostitute,(1%) (0%),,,,
1329,Lanja munda,Dirty Bitch,(1%) (1%),,,,
1330,lanja pooka,prostitute`s vagina,(10%) (2%),,,,
1331,Lanjakodka,Son of a bitch!,(10%) (4%),,,,
1332,Marmangam,secret organ,(1%) (3%),,,,
1333,Modda,Dick,(1%) (0%),,,,
1334,modda cheeku lanja,suck my dick whore,(9%) (8%),,,,
1335,MODDA KUDUVU,SUCK MY COCK,(1%) (1%),,,,
1336,modda naaku,lick the cock,(10%) (2%),,,,
1337,modda notlo petti dengutha,fuck your mouth,(1%) (1%),,,,
1338,"modda, lavada, daddu, magatanam",dick,(10%) (3%),,,,
1339,"muchchika, chanu mona",nipple,(10%) (3%),,,,
1340,muddy lo velu petuko,stick your finger in my ass,(9%) (5%),,,,
1341,naa modda gudu,suck my cock,(10%) (4%),,,,
1342,Ne akka nu denga,sister fucker,(1%) (1%),,,,
1343,ne akkan ma kukka dengha,my dog fuck ur sister,(10%) (2%),,,,
1344,Ne amma pukkulo naa modda,my cock in your mothers cunt,(1%) (0%),,,,
1345,ne jathini kukka denga,dog fuck ur family,(10%) (2%),,,,
1346,ne notlo naa suli,my cock in your mouth,(10%) (2%),,,,
1347,Ne pookula na sulli,My dick in your pussy,(10%) (0%),,,,
1348,Nee aali pookulo Rampam,Saw up your wife`s pussy,(10%) (4%),,,,
1349,NEE AKKAANI DENGAA,I FUCK YUR SISTER,(10%) (1%),,,,
1350,nee akkanu denga,fuck your sister,(10%) (2%),,,,
1351,NEE ALINI DENGAA,I FUCK YOUR WIFE,(1%) (1%),,,,
1352,nee amma guddani denga,fuck your mother`s ass,(9%) (13%),,,,
1353,nee amma kuttani denga,May I fuck your mom,(9%) (7%),,,,
1354,Nee amma roju na modda cheekuthundi,Your mom sucks my cock daily,(10%) (0%),,,,
1355,NEE AMMANI DENGAA,I FUCK YOUR MOTHER,(10%) (4%),,,,
1356,nee ammanu denga,fuck your mother,(10%) (4%),,,,
1357,nee ammanu dnegu,fuck your mother,(9%) (6%),,,,
1358,nee kooturu ni denga,fuck your daughter,(10%) (5%),,,,
1359,nee notlo naa sulli,my cock in ur mourh,(10%) (0%),,,,
1360,nee pallu super,your melons are super!,(1%) (2%),,,,
1361,nee pellaanni denga,fuck your wife,(1%) (1%),,,,
1362,nee pooku chekutha,suck your pussy,(9%) (5%),,,,
1363,nee pukulo naa sulli,my dick in your vagina,(0%) (0%),,,,
1364,Ni akkani pandulu denga,May pigs fuck your sister,(0%) (0%),,,,
1365,Ni pukla na madda,Go fuck off,(0%) (100%),,,,
1366,nihar,dick,(0%) (100%),,,,
1367,Nihar (or) banda pooku,Fat pussy,(0%) (0%),,,,
1368,ninnu dengutha,I will fuck you,(1%) (0%),,,,
1369,Nuvvu nee yendipoyina sulli,You and your Dry Dick,(10%) (0%),,,,
1370,PEDDA SALLADHI,WOMAN WITH BIG BOOBS,(1%) (0%),,,,
1371,Pichi Pukoda,Guy with Crazy Vagina,(1%) (0%),,,,
1372,Pichi Pukudaana,Girl with Crazy Vagina,(1%) (0%),,,,
1373,Poi voungu ra,Go and get fucked,(10%) (2%),,,,
1374,Pooku,Vagina,(1%) (0%),,,,
1375,pooku,pussy,(0%) (0%),,,,
1376,"pooku, dimma, pappa, bokka",pussy/cunt,(9%) (6%),,,,
1377,Poooku chinchu,rip my cunt,(1%) (0%),,,,
1378,pukku naaku,lick the cunt,(10%) (2%),,,,
1379,Puku Peka adistha,Playing Poker with cunt,(10%) (4%),,,,
1380,puthhi,clitoris,(1%) (15%),,,,
1381,sachinoda,idiot,(8%) (23%),,,,
1382,sallu dengutha,fuck your tits,(10%) (3%),,,,
1383,SANALO BOCHHO,HAIR IN ARM PITS,(1%) (1%),,,,
1384,shaata,pubic hair,(1%) (1%),,,,
1385,Sravan (or) konda verri pooku,Mad Hilly pussy,(10%) (0%),,,,
1386,sulii,dick,(9%) (8%),,,,
1387,Sulli pattu,Hold my dick,(10%) (0%),,,,
1388,Teja (or) adivi pooku,Wild pussy,(9%) (9%),,,,
1389,Teja trivikram (or) adivi pooku,Wild pussy,(0%) (100%),,,,
1390,thurku valagodtha,blast your pussy,(10%) (0%),,,,
1391,Vattakai,single ball/testicle,(10%) (1%),,,,
1392,vattalu,balls/ testicles,(1%) (0%),,,,
1393,Vedhava,Stupid,(10%) (0%),,,,
1394,verri puka,mad pussy,(10%) (4%),,,,
1395,vongo petti dengutha lanja,will fuck you bending,(1%) (0%),,,,
1396,aaja choos mera lurs,come here and suck my big dick,(1%) (1%),,,,
1397,Aap ka aana,You come,(1%) (5%),,,,
1398,apna lun cuti shur,cut your dick off,(1%) (1%),,,,
1399,"Balal, mera noonoo na choop se",Balal suck my dick now,(10%) (4%),,,,
1400,Behn ki chutar,sister's vagina,(9%) (7%),,,,
1401,Bhadwe Ki Nasal,Illegitimate Son of a Pimp,(0%) (0%),,,,
1402,bhai chode,brother fucker,(1%) (1%),,,,
1403,Bhen chot,Sisterfucker,(0%) (0%),,,,
1404,Bhen ke lorray,Sister's penis,(1%) (0%),,,,
1405,bosard chodi kay,bad fucked child,(1%) (1%),,,,
1406,Bund ke Biryani,Biryani of bund,(10%) (2%),,,,
1407,chatt merai tattai,lick my balls,(10%) (0%),,,,
1408,Choom meri Gaand,Kiss my ass,(10%) (2%),,,,
1409,Choos Mera Lora,Suck my Dick,(1%) (1%),,,,
1410,chooth kay pakoray,vaginal treats,(1%) (1%),,,,
1411,choti se luli,small penis,(1%) (0%),,,,
1412,Chupa la lay,Suck dick,(0%) (0%),,,,
1413,Chut ke chatney,Chutney of vagina,(8%) (23%),,,,
1414,dalla,pimp,(1%) (1%),,,,
1415,dari moni pudi mari,I fucked your mother,(1%) (6%),,,,
1416,deli mali guti,your mum is a bitch,(1%) (2%),,,,
1417,doe dolla raandee,2 dollar whore,(1%) (1%),,,,
1418,Duffah oja,Get lost,(1%) (0%),,,,
1419,eik dolla raande,1 dollar whore,(1%) (1%),,,,
1420,gaand chamchi,spoon up your ass,(10%) (1%),,,,
1421,gaand ka bukhaar,pain in the ass,(10%) (2%),,,,
1422,Gaddha,Donkey,(1%) (0%),,,,
1423,ghandoo,dick,(1%) (4%),,,,
1424,Ghasti Kay Bachay,Son Of A Bitch,(0%) (0%),,,,
1425,haraam salle,bastard,(1%) (1%),,,,
1426,Haraamzada,Son of a bitch (male),(9%) (13%),,,,
1427,Haraamzadi,Son of a bitch (female),(6%) (44%),,,,
1428,haram salla,bitch dog,(9%) (6%),,,,
1429,jhaant kay baal,pubic hair,(9%) (7%),,,,
1430,kaala bandar,black bitch,(1%) (9%),,,,
1431,Kamina,rascal,(10%) (0%),,,,
1432,kanjeri kay bachay,prostitute child,(10%) (3%),,,,
1433,Khuss madri kay,from a mothers vagina,(1%) (1%),,,,
1434,kute liche ho chublo,Bitch get down and suck,(1%) (1%),,,,
1435,kutee chode,dog fucker,(1%) (1%),,,,
1436,kutta,dog,(1%) (0%),,,,
1437,Kuttay ka bacha,Son of a dog,(1%) (0%),,,,
1438,kutte ka ghanta,Dog's dick,(1%) (1%),,,,
1439,Kutti,Bitch,(1%) (0%),,,,
1440,kutti ka bacha,son of a bitch,(1%) (0%),,,,
1441,lalchi kutte kaa bacha,son of a crazy dog,(10%) (2%),,,,
1442,Lola/Lula,Dick,(1%) (1%),,,,
1443,looly,penis,(1%) (0%),,,,
1444,lora le kay nach mera,take my penis and dance,(10%) (0%),,,,
1445,Lula mu ki lan,Dick i shagged your mam,(10%) (2%),,,,
1446,lulmuah,dick head,(1%) (1%),,,,
1447,Lun Chuse,Suck a dick,(1%) (1%),,,,
1448,Lund Pe Charh,Ride My Dick,(10%) (0%),,,,
1449,Maan Chod,Mother Fucker,(0%) (0%),,,,
1450,Maan kay laurday,Mother's cock,(1%) (1%),,,,
1451,madarugly,your mother is ugly,(8%) (21%),,,,
1452,Mather chot,Motherfucker,(1%) (0%),,,,
1453,Mayyaada,Mother fucker,(1%) (1%),,,,
1454,meera loora choo so,suck my dick,(1%) (1%),,,,
1455,meli mali guta,i am a bitch,(1%) (2%),,,,
1456,mera laan choop,suck by cock,(1%) (1%),,,,
1457,monney podey,a mum's cock,(1%) (1%),,,,
1458,moomeh,boobs,(1%) (1%),,,,
1459,muth ki malai,rotten semen,(10%) (4%),,,,
1460,Myyaada,Mother fucker,(1%) (1%),,,,
1461,pancho,fuck,(1%) (1%),,,,
1462,peasah nah mahr,dont fart,(1%) (1%),,,,
1463,Phudi,Pussy,(10%) (0%),,,,
1464,poody,fanny,(1%) (1%),,,,
1465,Randee ka bacha,Son of a whore,(1%) (0%),,,,
1466,Randi ki nasal,Generation of whore,(10%) (2%),,,,
1467,rundi ka bacha,son of a whore,(1%) (0%),,,,
1468,Shudra Lund,Big Black Dalit Dick,(9%) (5%),,,,
1469,Tamil Lund,Big Black Dravidian Dick,(1%) (1%),,,,
1470,tari beh na puda paarsan,im gonna rip ur moms vagina,(10%) (3%),,,,
1471,Tattay chooso,suck my balls,(1%) (0%),,,,
1472,tattee choad,shithead,(1%) (1%),,,,
1473,tere bhen meri chod hain,your sister is my dick,(9%) (13%),,,,
1474,tere gand maroo,fuck you,(10%) (2%),,,,
1475,Teri Gaand Main Kutta Mutre,Dog Pees in Your Ass,(10%) (0%),,,,
1476,teri gand ma keera hai,an insect in ur ass,(10%) (3%),,,,
1477,teri gand mera lun hai,my dick in your ass,(1%) (1%),,,,
1478,teri ma khuti,you mom ia a bitch,(1%) (0%),,,,
1479,Teri Ma ki choot,Your mother pussy,(10%) (0%),,,,
1480,Teri Ma Ko Kuttey Chodein,May dogs fuck your mom,(1%) (0%),,,,
1481,teri maa ki phudi,your moms pussy,(10%) (3%),,,,
1482,Toomaray tattay baraay pahraay heh,Youe balls are very heavy,(1%) (1%),,,,
1483,tu tho meri chod ki tara :P,you look like my dick :P,(10%) (3%),,,,
1484,Uloo Ki Pata,Son of An Owl,(1%) (1%),,,,
1485,Uloo Ki Pati,Daughter of An Owl,(1%) (1%),,,,
1486,ulu chod,owl fucker,(1%) (1%),,,,
