,Phrase
0,Bessha
1,bhuski maagi
2,Bichi Chara Potla
3,Bodmash
4,Boga
5,boga baicha tor mar boonie sirilymu
6,Boga Khaa
7,boka choda
8,bokachoda
9,Booni
10,botla
11,chodna
12,Chodon Boiraagi
13,Chodon Idli
14,chood
15,chudir bhai
16,Chudir Bhai
17,Chudir Pola
18,dan-da
19,dhon
20,dofla hetta
21,fatly
22,Fel
23,foga
24,"foon, foondh"
25,fungi
26,Futki
27,fuun-ga
28,gorur bachcha
29,gud
30,gud maranir beta
31,gud/guud
32,Guundaa
33,Haram jada
34,haram jadi
35,Hauwa
36,hetta muka ath bori dimo
37,"hetta, bodha, shauwaa"
38,"Kalu, Calou, Kalou,Blackie, Keltu, Kelo, Kolo Toure, Djimi Traore, Kalo Hulo, Nigga"
39,khanki
40,khanki chudi magir gude poka
41,khanki/maggi
42,khankir chele
43,Khankir Pola
44,khobis or goror khobis
45,Kuth-tar Bachcha
46,Kuthar Bacha
47,Kuththar Baiccha (Baich-cha)
48,Kuttar Bhaccha
49,kuttar chod
50,Kuttar gu
51,laora
52,lerr
53,lerr kawrar fua
54,Maagi
55,Maal
56,maggir putt
57,Moga choder bacha
58,mother chod
59,Muta kuta
60,nankta kuttar baccha
61,Nunu
62,nunu
63,pagol sagol
64,Pagul
65,pasa
66,podmarani
67,Sagul
68,Shauwa
69,shuorer baccha
70,Shurur Batcha
71,Suda-sudi
72,SUDAURIER FURII
73,SUDAURY
74,Suourer bachcha
75,SUTHH-MAROUNY
76,thor hetta laythum
77,thor maa suda
78,thor maar bothoy kha
79,thore astha gao eh sudeh
80,thumar futki marthum
81,"Thumi amar nunu khoa, onek mishti"
82,Thuuii Bandhorr
83,Thuuii Gaadhaa
84,to-mar ma hetta
85,Tor baaf fel Khai
86,Tor Bafor Boga Saat
87,tor ma amar fell
88,tor ma boga cha
89,Tor Maa
90,tor maa booni nay
91,tor maa ke chudi
92,Tor mayere chudi
93,Tor nanire chudi
94,tor nunu bouut boro
95,Tor pasha mota
96,tu ekta bandar
97,Tur booga sooto
98,tur mar booni khaa
99,tuy ath marros
100,Vogchod
101,Bain Chod
102,Bainchod
103,Bassa Shouko
104,chodnar po
105,Gud-marani
106,hagoo
107,Hijra
108,Hoga
109,Khankir pola
110,Kuthaar Baicha
111,Kuttar Bachcha
112,kuttar bachcha
113,Leura
114,Magi
115,Mai
116,makhal
117,muri kha
118,Noakhailla
119,randi magi
120,thor maa khai lai moo
121,thor maar bosoi khai see
122,Tomar maar putkey fatamu .
123,Tor babar bichi fatabo
124,Tor mar sawa kha
125,tor mare chudi
126,tur ma amar fel be
127,Aanguli kora
128,achuda
129,ads
130,Ami tor maa ke chudmu
131,baal
132,Baal chhero
133,Bara
134,Beissha Magir Pola
135,Bhag
136,Bhoda
137,Bokachoda
138,boltu chire felbo
139,botoi khowra
140,Choda
141,Chood
142,Chudanir pola
143,Chudi
144,Chudmu tor pasai sneha
145,Chumban
146,Chumu
147,Dhon
148,Dhon khecha
149,Gaand Maarano
150,Gud
151,Humaira
152,Khanki
153,khanki Magi
154,khankir pola
155,kuttar Baccha
156,lehr kawrar bachha
157,Mang
158,Naang
159,pod marani
160,Pond
161,Shetar bal
162,Shishna
163,Sohail
164,Thor heta muka ath boridimu
165,Tor Gaar Maari
166,Tor maa ke chudi
167,tor mar vhoda
168,tumi bal hagu koro!!
169,Vuuski magi
170,Aar
171,bahanchod
172,baila
173,baklol
174,bapjeth
175,bawaseer ho kya
176,bhadwa
177,bhethi
178,bhosda
179,bhosri wali
180,boor
181,Boor ka baal
182,burbak
183,chhinar
184,chhota chetan
185,chuchi
186,chutmuha
187,dogla
188,gaar marao
189,gaar maraye duniya
190,gaar me daal le
191,gadchat
192,gopal gaurav
193,jhatwa
194,kiski maiyaa kutta biyayi
195,laar
196,laar chato
197,laar lega
198,larchat
199,maa chudao
200,muth
201,randi ka bachha
202,randikhana
203,ravi kumar patel
204,tori bahin ke chodu
205,tori maiyaa ke chodu
206,maari tatoori ne chalay
207,Akbaruddin Owaisi
208,Alloo Bhosri Chaat
209,Anuj
210,Babhuchak
211,bai no bhosdo
212,bein chod
213,Benchod
214,Bhadvo
215,bhenchod
216,Bhoot
217,Bhopa
218,Bhos marina
219,Bhosad Pappu
220,bhosdo
221,bhosrini
222,bobla
223,Bobla Vagarni Baydi
224,Bosrichord
225,bosrina
226,Buckwass
227,Budhalal
228,chafu gaan
229,Chichi
230,Chod
231,Chod ami
232,Chodhru
233,chodkanya
234,Chodu
235,chupri lauri
236,Chutiya
237,Darshil
238,Dheela Lund Ni Olaad
239,Eapen
240,Fattu
241,gaan tari
242,Gaand Ghapli
243,Gaand Ma Ghal
244,"gaandina, gandina"
245,Gand nu kaanu
246,gandi chodina
247,gando
248,Gando salo
249,gel ghagharina
250,Ghel Chodyo
251,Ghelchoydi
252,Halki Raand na
253,Harsh Dalal
254,harshit
255,hopa
256,Huzefa
257,jaaro
258,Jhadhino!
259,Jignesh Mevani
260,karo loro
261,kem chho
262,kutari
263,Lakhota
264,Land
265,loda
266,lodde mari
267,Lowroh
268,luli
269,Lund Bhagat
270,Maa ne ghat bhosdina
271,maajaddha
272,maari tatoori ooper bess
273,maasi chodamno
274,Madachod
275,madachod
276,mandi susee
277,Manik
278,mara man no lado
279,mari bhosri chaat
280,meri gaan chatt
281,Mohit
282,Moht
283,mota jijah
284,nago choido
285,Nakhodiya
286,Namuno
287,Narender Modi
288,pikina
289,Pikina
290,pim pim
291,poom poom
292,Priyanshu
293,puchi chod
294,Puti
295,raand
296,rumana
297,sali
298,salu gut`ti
299,Sandas
300,suwwar jewu dachu
301,taari bai no aghano
302,Taari ma parasevo tya-reh e tuti kareh che!
303,Tara baap ni gaan
304,Taree gaar ma lowroh
305,Taree Ghaar Ma Doh Ladah
306,tari bosri kaapi karwa
307,tari dagri
308,tari gaand mare karya kutra balada
309,tari gandayli kari koyli dagri
310,Tari ma na bubla sukai-gya
311,tari ma ne hadi kadhto hathi chode
312,tari ma ni putti
313,tari ma no poplo
314,Tari maa na babla chusu
315,Tari maa na bhosda ma maro lodo
316,Tari maa na modha ma maro lodo
317,Tari maa ne chodu
318,Tari maa ni taturi
319,tari mai ni gand
320,tari mani choot ma derka bole
321,Taro baap tane chadeche
322,tere ma nu hinta kar
323,teree maah gaderi
324,thari ma ne bozro maro loro nakhides
325,Thari Ma Ni Ghaan
326,Tusat
327,Tutelli nirodh no aulad
328,bahan ke lawde
329,Bawali gand
330,Bhen ke dine
331,chudhu ke chodde
332,Dhi ke lawde
333,Dhichod
334,Domesaks danso danlo motar!
335,bhoor
336,chuttar
337,chuttari
338,gand chod
339,Ghunt Fala
340,Jhulaniya
341,Madhar chod
342,shivom lal
343,teri maichod
344,miya ka katela lund
345,miyan
346,miyan bhadvi
347,miyan rand
348,miye log madharchod
349,chut
350,chut ke baal
351,chut ke dhakkan
352,chut maarli
353,chutad
354,chutadd
355,chutan
356,chutia
357,chutiya
358,gaand
359,gaandfat
360,gaandmasti
361,gaandufad
362,gandu
363,gashti
364,gasti
365,ghassa
366,ghasti
367,harami
368,haramzade
369,hawas
370,hawas ke pujari
371,hijda
372,hijra
373,jhant
374,jhant chaatu
375,jhant ke baal
376,jhantu
377,kamine
378,kaminey
379,kanjar
380,kutta
381,kutta kamina
382,kutte ki aulad
383,kutte ki jat
384,kuttiya
386,lodu
387,lund
388,lund choos
389,lund khajoor
390,lundtopi
391,lundure
392,maa ki chut
393,maal
394,madar chod
395,mooh mein le
396,mutth
397,najayaz
398,najayaz aulaad
399,najayaz paidaish
400,paki
401,pataka
402,patakha
404,randi
405,saala
406,saala kutta
407,saali kutti
408,saali randi
409,suar
410,suar ki aulad
411,tatte
412,tatti
413,teri maa ka bhosada
414,teri maa ka boba chusu
415,teri maa ki chut
416,tharak
417,tharki
418,bsdk
419,mc
421,hutiye
422,chakka
423,randwe
424,randve
425,chutiye
426,madarjaat
427,lomda
428,chumtiya
429,chumtiye
430,chus
431,tatto
432,goti
433,gotiya
434,gand
435,chuut
436,chodya
437,ke chode
438,chode
439,chodyu
440,boba
442,fakir
443,Jaan var
444,Kutta
445,Kuttiya
446,Khota
447,Khotey ki aulad
448,Kutte ki jat
449,Najayaz
450,Najayaz paidaish
451,Saala kutta
452,Saali kutti
453,Soover
454,Tatti
455,Hindi Swear Words
456,Bahen Chod
457,Bahen ke laude
458,Bahen ke takke
459,Beti Chod
460,Bhai Chod
461,Bhains ki aulad
462,"Jhalla, Faggot"
463,Jhant ke baal
464,Jhaant ke pissu
465,Kutte ka aulad
466,Kutte ke tatte
467,Maadher chod
468,Padma
469,Raand ka jamai
470,Randhwa (or randwa)
471,Rundi
472,Rundi ka bacha
473,Rundi Ki bachi
474,Soower ke bachche
475,Ullu ke pathe
476,Hindi Dirty Words
477,Bandaa
478,Booblay
479,BhonsRi-Waalaa
480,Carrom board
481,Chhed
482,Chut
483,Chut marike
485,Chodra
486,Choochii
487,Gaandu
488,Gaand
489,Ing ge pan di kut teh
490,LavDa
491,Lavde
492,Lund 
493,Lavde ke bal
494,Lavander
495,Mangachinamun
496,Muth mar
497,Nimbu sharbat
498,Maa ke bable
499,Mammey mumm-aye
500,Tatte Masalna
501,Toto
502,Toota hua lund
503,Hindi Profane Words
504,Backar chodu
505,Bhand khau
506,Bhandwe ki aulad
507,Bhosad Chod
508,Bumchod
509,Bur ki chatani
510,Cuntmama
511,Chipkali ke chut ke pasine
512,Chipkali ke gaand ke pasine
513,Chipkali ke jhaat ke baal
514,Chippkali ke jhaant ke paseene
515,Chodela
516,Chodu bhagat
517,Chhola Phudakna
518,Chudan chudai
519,Chudai khana
520,Chunni
521,Choot ka baal
522,Choot ke bhoot
523,Chut ke dhakkan
524,Chut mari ke
525,Choot marani ka
526,Chut ke pasine mein talay huye bhajiye
527,Chup Ke Chut Hai
528,Fatey condom kay natije
529,Fatay huay lundtopi ka result
531,Gaandfat
532,Gaandmasti
533,Gaand ka makhan
534,Gaand marau
535,Ghondoo
536,Jhant chaatu
537,Jhaat ka bhaaji
538,Kutte ka beej
539,Lund choosu
540,Lund fakeer
541,Lundoos
542,Lund ka shorba
543,Land ka bheja
544,Lund pe chad ja
545,Lund pe thand hai
546,Lund Ke Pasine
547,Lavde ke baal
548,Maa ke bhadwe
549,Muth maar
550,Parichod
551,Phatele Nirodh ke Natije
552,Pucchi
553,Raandi baajer
554,Rundi ko choud
555,Rubber bhosda
556,Sadi hui gand
557,Tera adha Nirodh mein rah gaya
558,Hindi Obscene Words
559,Apna land choos
560,Apni gaand mein muthi daal
561,Apni ma ko ja choos
562,Chinaal ke gadde ke nipple ke baal ke joon
563,Chullu bhar muth mein doob mar
564,Gand Ka Khatmal
565,Gandkate Kutte
566,Gaand mein bambu
567,Gaand main lassan
568,Gaand main danda
569,Gaand main keera
570,Hazaar lund teri gaand main
571,Jaa Apni Bajaa
572,Jab tu paida hua tow aagey se ya peechey se nikla tha chutiya?
573,Kahe ko kha raha hai chut ki chapati aur lund ka beja?
574,Kali Choot Ke Safaid Jhaat
575,"Kutte ke poot, teri maa ki choot"
576,"Lo, mera lund anpi behen ko de do, agar khud na chod paya"
577,Lund Chus
578,Ma chudi
579,Mein teri maa ko teri bahen ki choot mein chodoonga aur tera baap laltern lekar aayega.
580,Mein teri maa ko liya tha uski suhaag raat pei.
581,Mera chunni choos
582,Meri lund choos
583,Mere Chuus Maro
584,"Na choot, na chooche, nakhre noor jahan ke!"
585,Raand ka pati
586,Rundi ko chod
587,Rundi ki tatti pe baithnewaali makkhi
588,Rundi ke tatti pe biathne wala makhi
589,Terey baad di gaand wich danda ghussa ker rakh dhungi.
590,Teri behen ka launda rubber ka 
591,Theri Biwi ko Tere Saamne Chodhunga
592,Teri Gand Mein Haathi Ka Lund
593,Teri gaand main kute ka lund
594,Tere gaand mein keede paday
595,Teri Jhanten Kaat kar tere mooh par laga kar unki french beard bana doonga.
596,Teri ma gandi rundi
597,Teri ma gadha ka lund choosay
598,Teri maa ki bimaar badboodar choot
599,Teri ma ki choot me hathi ka dum
600,Teri ma ki chut mai sabka lund
601,Teri maa ki phudi guy ki hai
602,Teri maa ka bhosda
603,Teri maa ki chute
604,Tere mai ki chut tere baap ka land
605,Teri mi di kussi mey tera sarra khandan ko ghussa ker rakh doonga.
606,"Teri maa ki gaand ki baal mein jalaay hue, maarey hue chipkili ki unday."
607,Teri ma ki budh mein chaarpai bichhake teri bahen ko chodun.
608,Teri maa ki chut mein chatri leke ghus jaunga aur khol dunga.
609,Tere maa ko sau kutte chode - sau wa tera baap!
610,Tor mai ke chodho
611,jaanvar
613,kutiya
614,khota
615,auladheen
616,jaat
618,gandpaidaish
620,kutti
621,soover
623,potty
624,behnchodon
625,behnchod
626,behenchod
627,behenchodd
628,bahenchod
630,bahencho
631,bancho
633,bahenke
634,laude
635,takke
636,betichod
637,bhaichod
638,bhains
639,jhalla
641,nabaal
642,pissu
643,kutte
644,maderjat
645,madherchod
646,maderchod
647,madaarchod
649,maachod
650,madharchod
651,maderchodo
652,machod
653,maadherchod
654,madarchodon
655,madarchodd
656,madarchod
657,maadarchod
658,padma
660,jamai
661,randwa
663,bachachod
664,bachichod
665,soower
666,bachchechod
667,ullu
668,pathe
669,banda
670,booblay
671,booby
673,buble
674,rand
675,babla
676,bhonsriwala
677,bhonsdiwala
678,ched
680,chod
681,chodu
682,chodra
683,choochi
685,gaandu
688,lavda
689,lawda
690,lauda
692,balchod
693,lavander
695,maacho
696,mammey
698,toto
699,toota
700,backar
701,bhandwe
702,bhosadchod
703,bhosad
704,bumchod
705,bum
706,bur
707,chatani
708,cunt
709,cuntmama
710,chipkali
711,sale
712,pasine
713,jhaat
714,chodela
715,bhagatchod
716,chhola
717,chudai
718,chudaikhana
719,chunni
720,choot
721,bhoot
722,dhakkan
723,bhajiye
724,fateychu
725,gandnatije
730,makhanchudai
731,gaandmarau
734,chaatu
735,beej
736,choosu
737,fakeerchod
738,lundoos
739,shorba
740,binbheja
741,bhadwe
742,parichod
743,nirodh
744,pucchi
745,baajer
746,choud
748,sadi
749,choos
750,maka
751,chinaal
752,gadde
753,joon
754,chullugand
755,doob
756,khatmal
757,gandkate
758,bambu
759,lassan
760,danda
761,keera
762,keeda
763,hazaarchu
764,paidaishikeeda
765,kali
766,safaid
767,poot
768,behendi
770,machudi
771,chodoonga
772,baapchu
773,laltern
774,suhaagchudai
775,raatchuda
776,kaalu
777,neech
778,chikna
779,meetha
780,beechka
781,jihaadi
782,chooche
783,patichod
784,rundi
785,makkhi
786,biwichod
787,chodhunga
788,haathi
789,kute
790,jhanten
791,kaat
792,gandi
793,gadha
794,bimaar
795,badboodar
796,dum
797,raandsaala
798,phudi
799,chute
800,kussi
801,khandanchod
802,ghussa
803,maarey
804,chipkili
805,unday
806,budh
807,chaarpai
808,chodun
809,chatri
811,chodho
812,mulle
813,mulli
814,musalman
815,momedan
816,katua
817,chutiyapa
818,bc
820,chudwaya
821,kutton
822,lodi
824,jungli
825,vahiyaat
826,jihadi
827,atankvadi
828,atankwadi
829,aatanki
830,aatankwadi
983,aand
984,aandal
985,aandu
986,aandupana
987,abla naari tera buble bhaari
988,apni gaand mein muthi daal
989,apni lund choos
990,apni ma ko ja choos
991,backarchodu
992,badboodar choot
993,badir
994,badirchand
995,bahen chod
996,bahen ka loda
997,bahen ke laude
998,bahen ke takke
999,bahen ki choot
1001,bahinchod
1002,bahnchod
1003,bakland
1004,bakri chod
1005,bakwaas
1006,ban chod
1007,banchod
1008,banchood
1009,bandaa
1010,bandhar
1011,ben chod
1012,benchod
1013,beti chod
1014,bhadhava
1015,bhadkhau
1017,bhadwe ka awlat
1018,bhai chod
1019,bhains ki aulad
1020,bhan chhod
1021,bhanchod
1022,bhandava
1023,bhen chod
1024,bhen ke laude
1025,bhen ke takke
1027,bhenchodd
1028,bhonsri-waalaa
1029,bhosad chod
1030,bhosadike
1031,bhosdaa very
1032,bhosdi ka
1033,bhosdi wala
1034,bhosdika
1035,bol teri gand kaise maru
1037,buddha khoosat
1038,buhtah-nee ka
1040,bund
1041,bund maraa le
1043,bur ki chatani
1044,carrom board
1045,char soh bis
1046,chhaati
1047,chhed
1048,chhola phudakna
1050,chinaal ke gadde ke nipple ke baal ke joon
1051,chipkali ke chut ke pasine
1052,chipkali ke gaand ke pasine
1053,chipkali ke jhaat ke baal
1054,chipkali ke jhaat ke paseene
1055,chipkali ki bhigi chut
1057,chodnaa to fuck 
1060,chodu bhagat
1062,choochii
1064,choot ka baal
1065,chootad
1066,chootadchod
1067,chootia
1068,chootiya
1069,chootiyapa
1070,chootiyapanti
1071,chudaai
1072,chudaai khaani
1074,chudai khana
1075,chudan
1076,chudi
1077,chudwana
1078,chull uthna
1080,chusnawal
1081,chusnawala
1083,chut ka bhoot
1084,chut ka pujari
1086,chut ke gulam
1087,chut ke pasine
1088,chut marike
1094,dhee chod
1095,dhee ka lund
1096,dheela lund
1097,fate condom ka natije
1098,fuddi pussy 
1100,gaand asshole (definition) 
1101,gaand ka makhan
1102,gaand maarna to fuck in the ass 
1103,gaand main danda
1104,gaand main keera
1105,gaand main lassan
1106,gaand marau
1107,gaand marna
1108,gaand mein bambu
1110,gaandkate kutte
1113,gaandu asshole (person) 
1115,gastee
1117,ghassad
1119,ghelchodia
1121,gotiyan
1122,gpl (gaand pe laat)
1123,gundmaraa ass fucked (man) 
1124,gundmari ass fucked (lady) 
1125,haraam ka chuda son of unknown father 
1126,haraam ki chudi fucked by someone other then husband. 
1127,haraam zaada
1128,haraami
1129,haraamjaada son of unknown father 
1130,haraamjaadi daughter
1131,haraamkhor
1133,hijdaa
1134,hijde
1136,hug
1137,ing ge pan di kut teh
1138,januwar
1139,jhaant
1140,jhaant ka baal
1141,jhaant ke pissu
1142,jhaant ukhaadna
1143,jhaat chaatu
1144,jhaat ka bhaaji
1147,jhat ke baal
1148,kaamchor
1149,kadak maal
1150,kali choot ke safaid jhaat
1151,kali chut ka safaid jhaat
1152,kamina
1153,katla
1154,khade lund pe dhoka
1155,khasmanu khaani
1157,khotey ki aulad
1158,khotey ki aulda
1159,klpd
1160,kutchudi
1161,kuthi for girl
1163,kutiya ke pilley
1164,kutte ka aulad
1165,kutte ka awlat
1166,kutte ka beej
1167,kutte ka lund
1168,kutte ke pilley
1169,kutte ke poot
1170,kutte ke tatte
1173,kya kadak hai ye
1174,kya maal hai ye
1175,ladkichod
1176,landait
1179,lavde
1180,lavde ke baal
1181,lavde ke bal
1184,londiyachod
1187,lund choosu
1188,lund chus
1189,lund fakeer
1190,lund fakir
1191,lund ka bheja
1192,lund ka shorba
1193,lund ke pasine
1194,lund pe chad ja
1195,lund pe thand hai
1196,lund 
1199,ma chudi
1200,maa chudaa
1201,maa ka bhosda
1202,maa ke bable
1203,maa ke bhadve
1204,maa ke bhadwe
1205,maa ke laude
1206,maa ki choot
1208,maa ki phudi
1210,maa-chod
1211,maa-chut
1213,maadher chod
1214,maakichut
1215,maal semen
1216,mader chod
1217,maha gaandu
1219,mangachinamun
1220,mast maal
1221,momme
1222,moot
1223,mutar
1224,muth maar
1225,muth mar
1226,muth marna
1227,mutthal
1228,na chhot
1231,netrachodan mat kar
1232,nimbu sharbat
1233,paad
1234,paadu kaun
1235,paagal choda
1237,pancho
1239,phatele nirodh ke natije
1240,pisaab
1243,raand ka jamai
1244,raand ka pati
1245,raandi baajer
1246,raapchik
1247,rakhail
1248,rand chod
1249,randhwa
1251,rubber bhosda
1252,rundee
1254,rundi apni chut leka ana
1255,rundi ka bacha
1256,rundi khana
1257,rundi ki bachi
1258,rundi ko chowd
1262,sadi hui gaand
1263,sali kuta
1264,sali kutti
1265,seal bund
1266,seal pack virgin 
1267,sewwer ki bachi
1269,soower ke bachche
1270,suwwar
1271,suwwar ka bachcha
1272,suwwar ke lund
1273,suwwar ki bachchi
1274,suwwariya
1275,tatte masalna
1276,toota hua lund
1277,tor mai ke chodho
1278,ulloo choda stupid
1279,ulloo ka patthaa
1280,ullu ke pathe
1281,undi
1283,raandi
1286,haram khor
1287,haramkor
1288,maa chod
1289,maa chuda
1290,maa chooda
1291,maa ki aankh
1292,randi ke
1294,bkl
1295,muh me lele
1296,maa ka bhosdaa
1297,gandwe
1298,gandwa
1299,bhosdi wale
1300,c***yapa
1301,bosdi ke
1302,bosdike
1303,madarchood
1304,big boobs
1305,shake your boobs
1306,sex boob
1307,suck ur boobs
1309,xxx
1310,are u slut
1311,fuckyoself
1314,chutiyapanti
1315,bhnchooo
1316,fuk u
1317,chut loda
1318,lun pakad lo
1320,ma ke lode
1321,chooth
1322,teri ma ka bamba
1323,suck bitch
1324,screw u
1325,screw you
1326,puccy
1327,laudagiri
1328,bhenchodh
1329,madarchodh
1330,choothiye
1332,gaand mara
1333,xdesi.com
1334,xvideos.com
1335,b***s
1336,chutiyaapaa
1337,bhenchodo
1338,maaki chut
1339,f@#* you
1340,f... u
1341,nice boobs
1342,tere maa chodunga
1343,amma chod
1344,chinal log
1345,chinal
1346,fudu
1347,fuddu
1348,buckchod
1350,maa chudaye
1351,chudaye
1352,randi k
1354,jhaatu
1355,jhatu
1356,jhatoo
1357,chussar
1358,chup b bhosdike
1359,bhosdi ke
1360,bhosdi
1361,maa ke lodey..
1362,gand marao
1363,behanchod
1364,bhossdi k
1365,maakilaudi
1366,muth marke soja
1367,muth marka soja
1368,muth mar ke so ja
1371,bhosdike
1372,bakchod
1373,backcgod
1374,brest
1375,cleavage
1376,chudna
1378,cutyiye
1379,pennis
1380,chu.t
1381,backchod
1382,hot clevage
1383,clevage
1385,bhosadiwaale
1387,nice cleavage
1388,jhat
1389,thode daba do
1390,bosid***ke
1391,band kar lav**d
1392,bhaag bhanchode 
1393,bhanchode
1394,baag bachod ladki
1395,bachod
1396,cu**t
1397,ch****ye
1398,ban**chid
1399,chu chu
1400,bachchod
1401,ga**ndo
1402,machudao
1404,teri maa ki ***
1405,chusss le
1406,chu
1407,chuu
1408,b*nch*d*
1409,cutiye
1410,bosidike
1411,boooooobbbbbssss
1412,muh mae le
1413,bakchodi
1414,bh*sdike
1415,raan*s
1416,lole
1417,bhdve
1418,bahan ki chuat
1419,maadr chaad
1420,ga**nd
1421,ga**
1422,chuchu
1423,chusaa hua
1425,teri maa ka saaki
1426,f***ing
1427,f***off
1428,chup mc
1429,bhosdiwaale
1430,bhosdikee
1431,aaand mat kaha
1432,aand mat kaha
1437,amma ki chut
1438,andh
1439,apna land choos
1440,apna lund choos
1441,apna ma ko ja choos
1443,apni land choos
1446,asal ka chuda
1447,baap ke lavde
1448,backar chodu
1451,badeer
1460,bahu chod
1462,bakchod billi
1465,baklund
1467,bakrichod
1468,balatkaar
1471,behan chod
1472,behen chod
1473,behen ka laura
1474,behen ke land
1475,behen ke laude
1476,behen ke lawde
1477,behen ke lund
1478,behen ke take
1480,behenkelaude
1485,bhaand me jaao
1487,bhadva chodika
1491,bhadwe ki nasal
1492,bhag bhosdike
1493,bhai chhod bhayee chod
1495,bhainchod
1497,bhais ke lund
1498,bhais ki poonch
1499,bhand khau
1501,bhandwe ki aulad
1502,bhen chhod bhaynchod
1504,bhen di fuddi
1506,bhen ke lode
1507,bhen ke lode maa chuda
1509,bhen ki choot
1510,bhencho
1512,bhodhsike
1513,bhonsriwaalaa
1514,bhootnee ka
1515,bhootnik
1517,bhosad raand
1519,bhosadi k
1520,bhosadi ke
1522,bhosadiwala
1524,bhosdaa
1525,bhosdee kay
1527,bhosdi k
1529,bhosdi kalam
1533,bhosdik
1536,bhosdivaale
1537,bhosdiwala
1538,bhosdiwale
1539,bhundi
1546,buhtahnee ka
1547,bulle ke baal
1552,bur ka choda
1554,burr
1555,burr ke baal
1556,bursungha
1557,camina
1558,cha cha chod
1559,chachunder ki aulad
1561,chhut ka baal
1565,chipkai ki choot ke paseene
1571,chippkali ke jhaant ke paseene
1572,chod ke bal ka kida
1579,choodasi
1580,choodpagal
1581,choohe ki moot
1582,choot k bhoot
1583,choot k pakode
1585,choot ka paani
1586,choot ka pissu
1587,choot ke bhoot
1588,choot ke bhoot vaginal ghost
1589,choot ki jhilli
1590,choot marani ka
1596,chopre he randi
1598,chudaai khaana
1601,chudail
1602,chudan chudai
1603,chudase
1604,chudasi
1605,chude
1607,chudpagal
1610,chullu bhar muth mein doob mar
1611,chup ke chut hai
1613,chusnawali
1615,chut k dher
1617,chut ka maindak
1618,chut ka nai
1620,chut karo
1624,chut ke makkhan
1625,chut ke pakode
1626,chut ke pasine mein talay huye bhajiye
1627,chut khujaane vaali
1628,chut ki andhi
1629,chut ki pyasi
1630,chut mari ke
1632,chut se latka hua laude ka moot
1637,chutiya chootia
1638,chutiya ka bheja ghas khane gaya hai
1639,chutiyah
1641,chuttad
1642,chuttad chod
1644,cutlkat lund
1645,dalli
1649,dheeli choot
1650,dheli chut
1652,fatay huay lundtopi ka
1653,fatay huay lundtopi ka result
1655,fatey condom kay natije
1656,fuddi
1657,fudii k
1659,gaand chaat mera
1660,gaand gaand
1661,gaand k baal
1662,gaand ka baal
1663,gaand ka khadda
1665,gaand ka pilla
1666,gaand ke dhakan
1667,gaand ki aulaad
1668,gaand maar bhen chod
1669,gaand maarna
1677,gaand mein kida
1683,gand mein danda
1684,gand mein louda
1685,gandi chut mein sadta hua ganda kida
1686,gandi fuddi ki gandi auladd
1687,gandkate kutte
1688,gandmare
1689,gandmasti
1691,gandu saala
1692,gandue
1699,ghondoo
1700,gote
1701,gote kitne bhi bade ho lund ke niche hi rehte hai
1702,goti muh mein hai
1703,gundmaraa
1704,gundmari
1705,hamari le rahe hai
1706,haraam ka chuda
1707,haraam ki chudi
1710,haraamjaada
1711,haraamjaadi
1713,haram zaadaa
1715,harami ke pille
1716,haramkhor
1717,haramzaada
1719,harazyaada
1720,havas
1721,hazaar lund teri gaand main
1725,hrami
1726,hugna
1727,hugnaa
1728,jab tu paida hua tho aagey se ya peechey se nikla tha chutiya
1729,jab tu paida hua tow aagey se ya peechey se nikla tha chutiya
1730,janam jala
1731,janam jali
1733,janwar
1736,jhaant ke jhature
1742,jhaat ke baal
1743,jhaatoon saala
1745,jhad jaana
1746,jhandu
1751,jhat lahergaya
1753,jhund
1754,joo ke hagge
1755,kaala lund
1756,kaali kutti
1758,kahe ko kha raha hai chut ki chapati aur lund ka beja?
1763,kaminee
1771,khujju
1773,kukarchod
1775,kutha
1776,kutha sala
1777,kuthi
1778,kuthri
1779,kuthta buraanahe kandaa nahi pattaahe
1782,kutiyaa
1787,kutte ka bachha
1790,kutte ke aulaad
1796,kutte ki olad
1802,land ka bheja
1804,landue
1805,landure
1807,laudap
1809,laude ke baal
1810,laude sale
1813,lavde ka baal
1817,lawde
1818,lo mera lund anpi behen ko de do agar khud na chod paya
1819,lo mera lund apni behen ko de do agar khud na chod paya
1821,lode jesi shakal ke
1822,lode ke baal
1823,lodey jaise shakal teri
1825,loduu
1827,lowde ka bal
1831,lund chuse
1834,lund fekh ke maroonga toh tera poora khandan chud jayega chutmarike
1835,lund k laddu
1836,lund ka baal
1841,lund luhnd
1842,lund mera muh tera
1845,lund phek ke marenge khandan chud jayega
1846,lundfakir
1850,maa ka lauda
1860,maachodh
1861,maadar chowd
1864,maakelaude
1866,maal chhodna
1867,maarey hue chipkili ki unday
1869,machodh
1871,madar jaat
1873,madarchod ke aulaad
1875,madarjat
1879,mahder chod
1880,mahderchod
1881,mai chod
1882,maichod
1883,mamme
1884,mammey mummaye
1888,mein teri maa ko liya tha uski suhaag raat pei
1889,mein teri maa ko teri bahen ki choot mein chodoonga aur tera baap laltern lekar aayega
1890,mein teri maa ko teri bhen ki choot mein chodoonga aur tera baap laltern lekar aayega
1891,mera chunni choos
1892,mera ganna mere dil se bada hai
1893,mera gota moo may lay
1894,mera lund choos
1895,mera lungi me havas ki aag lagi hai
1896,mera muhme le
1897,mera mume le
1898,mere chuus maro
1899,mere fudi kha ley
1900,mere pass nile rang ke gend hai
1901,meri gand ka baal
1902,meri gand ka khatmal
1903,meri ghand ka baal
1904,meri lund choos
1905,meri lundh choos
1906,mome ka pasina chat
1907,moo may lay mera
1909,mooth marna
1910,mootna
1911,mu c waale
1912,mujhe aap ki chut chahiye
1913,mujhe aap ko chodna hai
1914,mujhe aap ko thokna hai
1915,mujhe chodne ki bhukh hai
1916,mujhe chut chahiye
1917,mujhe chut marni hai
1918,mujhe ko chodna hai
1919,mujhe tumhe chodna
1920,mujhe tumhe thokna
1921,mujhe usko chodna hai
1926,mutth marna
1928,na choot na chooche nakhre noor jahan ke
1929,naali ka keeda
1933,paagalchoda
1936,phuddi
1937,pig ki tatti
1938,pille
1940,raand codha
1943,raand whore
1948,rand ki moot
1949,randawa
1952,randi baj
1953,randi chod
1954,randi ka bachcha
1955,randi ka choda
1956,randi ka larka
1957,randi ke baal
1958,randi ke bacche
1959,randi ke beej
1960,randi ke dalal
1961,randi ke jhaant ke toote hue baal
1962,randi ki aulaad
1963,randi ki aulad
1964,randi ki chut
1965,randuaa
1973,rundi ke tatti pe biathne wala makhi
1976,rundi ki tatti pe baithne waali makkhi
1977,rundi ki tatti pe baithnewaali makkhi
1978,rundi ko chod
1979,rundi ko choud
1982,saala betichod
1984,saale
1986,sab ka lund teri ma ki chut mein
1988,sadi hui gand
1989,sala
1990,sala kuttaa
1994,sardar fuda singh
1997,shali
1998,sooar
2000,soower ki bachi
2002,suar ki tatti
2003,sust lund ki padaish
2004,suvar chod
2005,suwar ki aulad
2011,suyar ke baacho
2013,tatti tatte masalna
2014,tei maa ki gaand me bhi
2015,tera baap ki chut aur maa ke laude
2016,tere adha nirodh mein rah gaya
2017,tere baap ki chut mai teri maa ka land
2018,tere baap ki gaand teri chute mai chuglee
2019,tere gaand mein keede paday
2020,tere maa ka bur
2021,tere maa ko sau kutte chode sau wa tera baap!
2022,tere maa ko sau kutte chode – sau wa tera baap
2023,tere mai ki chut baap teri maa ka land
2024,terey baad di gaand wich danda ghussa ker rakh dhungi
2025,terey baad di gaand wich dhanda gussa ker rakdhungi
2026,teri behen ka bhosda faadu
2027,teri behen ka lauda rubber ka
2028,teri behen ka launda rubber ka
2029,teri behen ka lavda rubber ka
2030,teri bhen ki gaand me ungli karunga
2031,teri bhosri mein aag
2032,teri biwiko teri saamne chodhunga
2033,teri biwiko theri saamne chodhunga
2034,teri gaand main kute ka lund
2035,teri gaand me danda
2036,teri gaand mein haathi ka lund
2037,teri gand mai ghadhe ka lund
2038,teri gand mein haathi ka lund
2039,teri jhanten kaat kar tere mooh par laga kar unki french beard bana doonga
2040,teri ma chadha ka lund choos
2041,teri ma gadha ka lund choos
2042,teri ma gandi rundi
2043,teri ma ki budh mein chaarpai bichhake teri bahen ko chodun
2044,teri ma ki bund mein chaarpai bichhake teri bhen ko chodun
2045,teri ma ki choot me hathi ka dum
2046,teri ma ki chut mai sabka lund
2047,teri ma ko kutta chode
2048,teri maa ka
2049,teri maa ka bhosda
2050,teri maa ka bhosra
2052,teri maa ke bable
2053,teri maa ke bhosade ke baal
2054,teri maa ke bobe kha jaunga bhosdi ke
2055,teri maa ki bimaar badboodar choot
2056,teri maa ki choot
2057,teri maa ki choot me hathi ka dum
2058,teri maa ki choot me kutte ka lavda
2060,teri maa ki chut mai sabka lund
2061,teri maa ki chut mein chatri leke ghus jaunga aur khol dunga
2062,teri maa ki chute
2063,teri maa ki gaand ki baal mein jalaay hue
2064,teri maa ki gaand ki baal mein jalaay hue maarey hue chupkili ki unday
2065,teri maa ki maari choot
2066,teri maa ki phudi guy ki hai
2067,teri maa ki sukhi bhos
2068,teri maa ko chodun
2069,teri mi di kussi mey tera sarra khandan ko ggussa ker rakhdoungi
2070,teri mi di kussi mey tera sarra khandan ko ghussa ker rakh doonga
2071,teri phuphi ki choot mein
2073,theri biwi ko tere saamne chodhunga
2076,tu tera maa ka lauda
2077,tum chutiya ho
2078,ulloo choda
2082,aaand 
2085,balatkar
2088,bhadva
2089,bhadve
2090,bhandve
2091,bhootni ke
2095,boobe
2096,chakke
2098,chinki
2105,choot ke baal
2108,chuche
2110,chudai khanaa
2130,hagga
2181,madrchod
2182,bhnchod
2183,aaand mat kaha 
2184,aand mat kaha 
2185,aandal 
2186,aandu 
2187,aandupana 
2188,abla naari tera buble bhaari 
2189,amma ki chut 
2190,andh 
2191,apna land choos 
2192,apna lund choos 
2193,apna ma ko ja choos 
2194,apni gaand mein muthi daal 
2195,apni land choos 
2196,apni lund choos 
2197,apni ma ko ja choos 
2198,asal ka chuda 
2199,baap ke lavde 
2200,backar chodu 
2201,backarchodu 
2202,back chod 
2203,backchod 
2204,badeer 
2205,badir 
2206,badirchand 
2207,bahen chod 
2208,bahen ka loda 
2209,bahen ke laude 
2210,bahen ke takke 
2211,bahenchod 
2212,bahinchod 
2213,bahu chod 
2214,bakchod 
2215,bakchod billi 
2216,bakland 
2217,baklol 
2218,baklund 
2219,bakri chod 
2220,bakrichod 
2221,behen chod 
2222,behen ka laura 
2223,behen ke land 
2224,behen ke laude 
2225,behen ke lawde 
2226,behen ke lund 
2227,behen ke take 
2228,behenchod 
2229,behenkelaude 
2230,behnchod 
2231,benchod 
2232,beti chod 
2233,betichod 
2234,bhaand me jaao 
2235,bhadhava 
2236,bhadva chodika 
2237,bhadwa 
2238,bhadwe 
2239,bhadwe ka awlat 
2240,bhadwe ki nasal 
2241,bhag bhosdike 
2242,bhai chhod bhayee chod 
2243,bhai chod 
2244,bhainchod 
2245,bhais ke lund 
2246,bhandava 
2247,bhen chod 
2248,bhen ke laude 
2249,bhen ke lode 
2250,bhen ke lode maa chuda 
2251,bhen ke takke 
2252,bhen ki choot 
2253,bhencho 
2254,bhenchod 
2255,bhodhsike 
2256,bhonsriwaalaa 
2257,bhootnee ka 
2258,bhootnik 
2259,bhosad chod 
2260,bhosad raand 
2261,bhosadchod 
2262,bhosadi k 
2263,bhosadi ke 
2264,bhosadike 
2265,bhosadiwala 
2266,bhosda 
2267,bhosdaa 
2268,bhosdee kay 
2269,bhosdi 
2270,bhosdi k 
2271,bhosdi ka 
2272,bhosdi kalam 
2273,bhosdi ke 
2274,bhosdi wala 
2275,bhosdi wale 
2276,bhosdik 
2277,bhosdika 
2278,bhosdike 
2279,bhosdivaale 
2280,bhosdiwala 
2281,bhosdiwale 
2282,bhundi 
2283,bokachoda 
2284,bol teri gand kaise maru 
2285,booblay 
2286,boor 
2287,bsdk 
2288,buddha khoosat 
2289,buhtahnee ka 
2290,bulle ke baal 
2291,bumchod 
2292,bund 
2293,bund maraa le 
2294,bur 
2295,bur ka choda 
2296,bur ki chatani 
2297,burr 
2298,burr ke baal 
2299,bursungha 
2300,camina 
2301,cha cha chod 
2302,chachunder ki aulad 
2303,chhola phudakna 
2304,chhut ka baal 
2305,chinaal 
2306,chinaal ke gadde ke nipple ke baal ke joon 
2307,chinal 
2308,chipkai ki choot ke paseene 
2309,chipkali ke chut ke pasine 
2310,chipkali ke gaand ke pasine 
2311,chipkali ke jhaat ke baal 
2312,chipkali ke jhaat ke paseene 
2313,chipkali ki bhigi chut 
2314,chippkali ke jhaant ke paseene 
2315,chod ke bal ka kida 
2316,chodela 
2317,chodu bhagat 
2318,chooche 
2319,choochi 
2320,choochii 
2321,chood 
2322,choodasi 
2323,choodpagal 
2324,choohe ki moot 
2325,choot k bhoot 
2326,choot k pakode 
2327,choot ka baal 
2328,choot ka paani 
2329,choot ka pissu 
2330,choot ke bhoot 
2331,choot ke bhoot vaginal ghost 
2332,choot ki jhilli 
2333,choot marani ka 
2334,chootad 
2335,chootadchod 
2336,chootia 
2337,chootiya 
2338,chootiyapanti 
2339,chopre he randi 
2340,chudaai 
2341,chudaai khaana 
2342,chudaai khaani 
2343,chudai khana 
2344,chudail 
2345,chudan chudai 
2346,chudase 
2347,chudasi 
2348,chude 
2349,chudi 
2350,chudpagal 
2351,chudwana 
2352,chull uthna 
2353,chullu bhar muth mein doob mar 
2354,chup ke chut hai 
2355,chusnawala 
2356,chusnawali 
2357,chut 
2358,chut k dher 
2359,chut ka bhoot 
2360,chut ka maindak 
2361,chut ka nai 
2362,chut ka pujari 
2363,chut karo 
2364,chut ke baal 
2365,chut ke dhakkan 
2366,chut ke gulam 
2367,chut ke makkhan 
2368,chut ke pakode 
2369,chut ke pasine mein talay huye bhajiye 
2370,chut khujaane vaali 
2371,chut ki andhi 
2372,chut ki pyasi 
2373,chut mari ke 
2374,chut marike 
2375,chut se latka hua laude ka moot 
2376,chutan 
2377,chute 
2378,chutia 
2379,chutiya 
2380,chutiya chootia 
2381,chutiya ka bheja ghas khane gaya hai 
2382,chutiyah 
2383,chutiye 
2384,chuttad 
2385,chuttad chod 
2386,cuntmama 
2387,cutlkat lund 
2388,dalli 
2389,dhee chod 
2390,dhee ka lund 
2391,dheela lund 
2392,dheeli choot 
2393,dheli chut 
2394,dogla 
2395,fatay huay lundtopi ka 
2396,fatay huay lundtopi ka result 
2397,fate condom ka natije 
2398,fatey condom kay natije 
2399,fuddi 
2400,fudii k 
2401,gaand 
2402,gaand chaat mera 
2403,gaand gaand 
2404,gaand k baal 
2405,gaand ka baal 
2406,gaand ka khadda 
2407,gaand ka makhan 
2408,gaand ka pilla 
2409,gaand ke dhakan 
2410,gaand ki aulaad 
2411,gaand maar bhen chod 
2412,gaand maarna 
2413,gaand main danda 
2414,gaand main keera 
2415,gaand main lassan 
2416,gaand mara 
2417,gaand marau 
2418,gaand marna 
2419,gaand mein bambu 
2420,gaand mein kida 
2421,gaandfat 
2422,gaandkate kutte 
2423,gaandmasti 
2424,gaandu 
2425,gadha 
2426,gand mein danda 
2427,gand mein louda 
2428,gandi chut mein sadta hua ganda kida 
2429,gandi fuddi ki gandi auladd 
2430,gandkate kutte 
2431,gandmare 
2432,gandmasti 
2433,gandu 
2434,gandu saala 
2435,gandue 
2436,gashti 
2437,gastee 
2438,gasti 
2439,ghassad 
2440,ghasti 
2441,ghelchodia 
2442,ghondoo 
2443,gote 
2444,gote kitne bhi bade ho lund ke niche hi rehte hai 
2445,goti muh mein hai 
2446,gundmaraa 
2447,gundmari 
2448,hamari le rahe hai 
2449,haraam ka chuda 
2450,haraam ki chudi 
2451,haraam zaada 
2452,haraami 
2453,haraamjaada 
2454,haraamjaadi 
2455,haraamkhor 
2456,haram zaadaa 
2457,harami 
2458,harami ke pille 
2459,haramkhor 
2460,haramzaada 
2461,haramzade 
2462,harazyaada 
2463,havas 
2464,hazaar lund teri gaand main 
2465,hijdaa 
2466,hijde 
2467,hijra 
2468,hrami 
2469,hugna 
2470,hugnaa 
2471,jab tu paida hua tho aagey se ya peechey se nikla tha chutiya 
2472,jab tu paida hua tow aagey se ya peechey se nikla tha chutiya 
2473,janam jala 
2474,janam jali 
2475,januwar 
2476,janwar 
2477,jhaant 
2478,jhaant ka baal 
2479,jhaant ke jhature 
2480,jhaant ke pissu 
2481,jhaant ukhaadna 
2482,jhaat 
2483,jhaat chaatu 
2484,jhaat ka bhaaji 
2485,jhaat ke baal 
2486,jhaatoon saala 
2487,jhaatu 
2488,jhandu 
2489,jhant chaatu 
2490,jhant ke baal 
2491,jhat ke baal 
2492,jhat lahergaya 
2493,jhatoo 
2494,jhund 
2495,joo ke hagge 
2496,kaala lund 
2497,kaali kutti 
2498,kadak maal 
2499,kahe ko kha raha hai chut ki chapati aur lund ka beja? 
2500,kali choot ke safaid jhaat 
2501,kali chut ka safaid jhaat 
2502,kamina 
2503,kamine 
2504,kaminee 
2505,kaminey 
2506,katla 
2507,khade lund pe dhoka 
2508,khasmanu khaani 
2509,khota 
2510,khotey ki aulad 
2511,khotey ki aulda 
2512,khujju 
2513,klpd 
2514,kukarchod 
2515,kutchudi 
2516,kutha 
2517,kutha sala 
2518,kuthi 
2519,kuthri 
2520,kuthta buraanahe kandaa nahi pattaahe 
2521,kutiya 
2522,kutiya ke pilley 
2523,kutiyaa 
2524,kutta 
2525,kutte 
2526,kutte ka aulad 
2527,kutte ka awlat 
2528,kutte ka bachha 
2529,kutte ka beej 
2530,kutte ka lund 
2531,kutte ke aulaad 
2532,kutte ke pilley 
2533,kutte ke poot 
2534,kutte ke tatte 
2535,kutte ki aulad 
2536,kutte ki jat 
2537,kutte ki olad 
2538,kutti 
2539,kuttiya 
2540,kya kadak hai ye 
2541,kya maal hai ye 
2542,ladkichod 
2543,land ka bheja 
2544,landait 
2545,landue 
2546,landure 
2547,lauda 
2548,laudap 
2549,laude 
2550,laude ke baal 
2551,laude sale 
2552,lavda 
2553,lavde 
2554,lavde ka baal 
2555,lavde ke baal 
2556,lavde ke bal 
2557,lawda 
2558,lawde 
2559,lo mera lund anpi behen ko de do agar khud na chod paya 
2560,lo mera lund apni behen ko de do agar khud na chod paya 
2561,loda 
2562,lode jesi shakal ke 
2563,lode ke baal 
2564,lodey jaise shakal teri 
2565,lodu 
2566,loduu 
2567,londiyachod 
2568,lowde ka bal 
2569,lund 
2570,lund choosu 
2571,lund chus 
2572,lund chuse 
2573,lund fakeer 
2574,lund fakir 
2575,lund fekh ke maroonga toh tera poora khandan chud jayega chutmarike 
2576,lund k laddu 
2577,lund ka baal 
2578,lund ka bheja 
2579,lund ka shorba 
2580,lund ke pasine 
2581,lund khajoor 
2582,lund luhnd 
2583,lund mera muh tera 
2584,lund pe chad ja 
2585,lund pe thand hai 
2586,lund phek ke marenge khandan chud jayega 
2587,lundfakir 
2588,lundoos 
2589,ma chudi 
2590,maa chudaa 
2591,maa ka lauda 
2592,maa ke bable 
2593,maa ke bhadve 
2594,maa ke bhadwe 
2595,maa ke laude 
2596,maa ki aankh 
2597,maa ki choot 
2598,maa ki chut 
2599,maacho 
2600,maachod 
2601,maachodh 
2602,maadar chowd 
2603,maadarchod 
2604,maadher chod 
2605,maakelaude 
2606,maal 
2607,maal chhodna 
2608,maarey hue chipkili ki unday 
2609,machod 
2610,machodh 
2611,madar chod 
2612,madar jaat 
2613,madarchod 
2614,madarchod ke aulaad 
2615,madarchodh 
2616,madarjat 
2617,mader chod 
2618,madharchod 
2619,maha gaandu 
2620,mahder chod 
2621,mahderchod 
2622,mai chod 
2623,maichod 
2624,mamme 
2625,mammey mummaye 
2626,mangachinamun 
2627,mast maal 
2628,mc 
2629,mein teri maa ko liya tha uski suhaag raat pei 
2630,mein teri maa ko teri bahen ki choot mein chodoonga aur tera baap laltern lekar aayega 
2631,mein teri maa ko teri bhen ki choot mein chodoonga aur tera baap laltern lekar aayega 
2632,mera chunni choos 
2633,mera ganna mere dil se bada hai 
2634,mera gota moo may lay 
2635,mera lund choos 
2636,mera lungi me havas ki aag lagi hai 
2637,mera muhme le 
2638,mera mume le 
2639,mere chuus maro 
2640,mere fudi kha ley 
2641,mere pass nile rang ke gend hai 
2642,meri gand ka baal 
2643,meri gand ka khatmal 
2644,meri ghand ka baal 
2645,meri lund choos 
2646,meri lundh choos 
2647,mome ka pasina chat 
2648,moo may lay mera 
2649,moot 
2650,mooth marna 
2651,mootna 
2652,mu c waale 
2653,mujhe aap ki chut chahiye 
2654,mujhe aap ko chodna hai 
2655,mujhe aap ko thokna hai 
2656,mujhe chodne ki bhukh hai 
2657,mujhe chut chahiye 
2658,mujhe chut marni hai 
2659,mujhe ko chodna hai 
2660,mujhe tumhe chodna 
2661,mujhe tumhe thokna 
2662,mujhe usko chodna hai 
2663,mutar 
2664,muth maar 
2665,muth mar 
2666,muth marna 
2667,mutth marna 
2668,mutthal 
2669,na choot na chooche nakhre noor jahan ke 
2670,naali ka keeda 
2671,najayaz 
2672,najayaz paidaish 
2673,paagal choda 
2674,paagalchoda 
2675,parichod 
2676,phatele nirodh ke natije 
2677,phuddi 
2678,pig ki tatti 
2679,pille 
2680,raand 
2681,raand codha 
2682,raand ka jamai 
2683,raand ka pati 
2684,raand whore 
2685,raandi baajer 
2686,rakhail 
2687,rand 
2688,rand chod 
2689,rand ki moot 
2690,randawa 
2691,randhwa 
2692,randi 
2693,randi baj 
2694,randi chod 
2695,randi ka bachcha 
2696,randi ka choda 
2697,randi ka larka 
2698,randi ke baal 
2699,randi ke bacche 
2700,randi ke beej 
2701,randi ke dalal 
2702,randi ke jhaant ke toote hue baal 
2703,randi ki aulaad 
2704,randi ki aulad 
2705,randi ki chut 
2706,randuaa 
2707,randwa 
2708,randwe 
2709,rubber bhosda 
2710,rundee 
2711,rundi 
2712,rundi apni chut leka ana 
2713,rundi ka bacha 
2714,rundi ke tatti pe biathne wala makhi 
2715,rundi khana 
2716,rundi ki bachi 
2717,rundi ki tatti pe baithne waali makkhi 
2718,rundi ki tatti pe baithnewaali makkhi 
2719,rundi ko chod 
2720,rundi ko choud 
2721,rundi ko chowd 
2722,saala 
2723,saala betichod 
2724,saala kutta 
2725,saale 
2726,saali kutti 
2727,sab ka lund teri ma ki chut mein 
2728,sadi hui gaand 
2729,sadi hui gand 
2730,sala 
2731,sala kuttaa 
2732,sale 
2733,sali kuta 
2734,sali kutti 
2735,sardar fuda singh 
2736,seal bund 
2737,sewwer ki bachi 
2738,sooar 
2739,soover 
2740,soower ki bachi 
2741,suar 
2742,suar ki tatti 
2743,sust lund ki padaish 
2744,suvar chod 
2745,suwar ki aulad 
2746,suwwar 
2747,suwwar ka bachcha 
2748,suwwar ke lund 
2749,suwwar ki bachchi 
2750,suwwariya 
2751,suyar ke baacho 
2752,tatte masalna 
2753,tatti tatte masalna 
2754,tei maa ki gaand me bhi 
2755,tera baap ki chut aur maa ke laude 
2756,tere adha nirodh mein rah gaya 
2757,tere baap ki chut mai teri maa ka land 
2758,tere baap ki gaand teri chute mai chuglee 
2759,tere gaand mein keede paday 
2760,tere maa ka bur 
2761,tere maa ko sau kutte chode sau wa tera baap! 
2762,tere maa ko sau kutte chode ñ sau wa tera baap 
2763,tere mai ki chut baap teri maa ka land 
2764,terey baad di gaand wich danda ghussa ker rakh dhungi 
2765,terey baad di gaand wich dhanda gussa ker rakdhungi 
2766,teri behen ka bhosda faadu 
2767,teri behen ka lauda rubber ka 
2768,teri behen ka launda rubber ka 
2769,teri behen ka lavda rubber ka 
2770,teri bhen ki gaand me ungli karunga 
2771,teri bhosri mein aag 
2772,teri biwiko teri saamne chodhunga 
2773,teri biwiko theri saamne chodhunga 
2774,teri gaand main kute ka lund 
2775,teri gaand me danda 
2776,teri gaand mein haathi ka lund 
2777,teri gand mai ghadhe ka lund 
2778,teri gand mein haathi ka lund 
2779,teri jhanten kaat kar tere mooh par laga kar unki french beard bana doonga 
2780,teri ma chadha ka lund choos 
2781,teri ma gadha ka lund choos 
2782,teri ma gandi rundi 
2783,teri ma ki budh mein chaarpai bichhake teri bahen ko chodun 
2784,teri ma ki bund mein chaarpai bichhake teri bhen ko chodun 
2785,teri ma ki choot me hathi ka dum 
2786,teri ma ki chut mai sabka lund 
2787,teri ma ko kutta chode 
2788,teri maa ka 
2789,teri maa ka bhosda 
2790,teri maa ka bhosra 
2791,teri maa ka boba chusu 
2792,teri maa ke bable 
2793,teri maa ke bhosade ke baal 
2794,teri maa ke bobe kha jaunga bhosdi ke 
2795,teri maa ki bimaar badboodar choot 
2796,teri maa ki choot 
2797,teri maa ki choot me hathi ka dum 
2798,teri maa ki choot me kutte ka lavda 
2799,teri maa ki chut 
2800,teri maa ki chut mai sabka lund 
2801,teri maa ki chut mein chatri leke ghus jaunga aur khol dunga 
2802,teri maa ki chute 
2803,teri maa ki gaand ki baal mein jalaay hue 
2804,teri maa ki gaand ki baal mein jalaay hue maarey hue chupkili ki unday 
2805,teri maa ki maari choot 
2806,teri maa ki phudi guy ki hai 
2807,teri maa ki sukhi bhos 
2808,teri maa ko chodun 
2809,teri mi di kussi mey tera sarra khandan ko ggussa ker rakhdoungi 
2810,teri mi di kussi mey tera sarra khandan ko ghussa ker rakh doonga 
2811,teri phuphi ki choot mein 
2812,tharki 
2813,theri biwi ko tere saamne chodhunga 
2814,toota hua lund 
2815,tor mai ke chodho 
2816,tu tera maa ka lauda 
2817,tum chutiya ho 
2818,ulloo choda 
2819,ulloo ka patthaa 
2821,Bewarsi
2822,Mukli muchkondu kutko
2823,Mukli tuth
2824,Rande
2825,Randi magane
2826,Saak thika muchappa
2827,shraddha
2828,Soole Maga
2829,Tulla
2830,Aab
2831,baaz akh de
2832,babba aasus manz choosni
2833,babbe kache chatai
2834,bablyaath
2835,be lakhay beni
2836,beni gooud
2837,Beni lakhai
2838,beyani goood
2839,bh lakhai che
2840,Brahman chaenk
2841,Chaaan
2842,chakij
2843,chakjeh goud
2844,Chapin
2845,che chui mazze lakhnas
2846,Choti travi marchevangan
2847,Chotul
2848,chwath
2849,Dagaddalli maa de bacheio
2850,Dawa woal
2851,diyanawaan
2852,duniyah che khap
2853,Fhalaan
2854,fis
2855,Gaan
2856,gaani bach
2857,Gees
2858,ghain
2859,Gooid prah
2860,Goudi Sawaer
2861,guude
2862,Ha kole madarchoda
2863,Hahra
2864,haramuk
2865,Hasna
2866,Haspataal
2867,houn goudiuk
2868,kani jung
2869,Khade daez
2870,khape chraethe
2871,khapkhap
2872,Kucher
2873,laith
2874,langan dimay darith
2875,lazmai bene
2876,lazmai goudis
2877,Lazmaiye Mael Sinze Kori
2878,Lazmayi babbun
2879,lazmie lyath
2880,Lechmayaa benzi
2881,Lezmaye Lyaath
2882,liyath chani goodis
2883,lyaath
2884,lyath kal
2885,lyathee kale
2886,Lyathh
2887,Ma lakh goudis
2888,maaji gooud
2889,maaji lakhai
2890,maeji guudh
2891,maeji lyaath
2892,maelis lakhai
2893,mambre kalle
2894,Meethir
2895,Momri Kalle
2896,MUAMD
2897,Mumer
2898,Mye kya zok kadkhe
2899,Naer
2900,Pael
2901,phutyaa poon
2902,ponas lakhai
2903,ponas manz chu chout kieom
2904,Ponne Tecczh
2905,Poon
2906,poonus lakhai
2907,rath mein lyath
2908,sa here tok mi haijla
2909,Sabzi woal
2910,Seel tuluai
2911,seous good
2912,Siiech
2913,Sous
2914,Taech
2915,tche che baji bab
2916,thapi karani
2917,Watul
2918,Zakal ponz
2919,Zang
2920,Zinhook
2921,zoake goodh
2922,zok
2923,zokke poan
2924,Zokkk
2925,Gandah kullah pudha
2926,Gandhu
2927,Gandhu bastar
2928,Hanzeer da puthar
2929,Jannay na puthar
2930,Kalayah
2931,Khotah
2932,Khotay da puthar
2933,Kuttah
2934,Kuttay na puthar
2935,Kutthi
2936,Lan choop
2937,Lofar
2938,Mammay
2939,May thara pudha marsah
2940,Nikki lan
2941,Pahari ki aulad
2942,Pudhu goray
2943,Randi na puthar
2944,Yadeenah
2945,Aavoi Zovno
2946,Avoichi/Maichi Fudh
2947,baakri
2948,babak zovnya
2949,Babay Aand
2950,bainik zovnya
2951,bewarshi
2952,Bhikarchot
2953,Bhokan bot
2954,Bokan bot
2955,Chedi
2956,Chedye kastachya
2957,Chedyecho
2958,Chont
2959,Chontli
2960,Colwont
2961,daba daba
2962,Fodo
2963,Fodri
2964,Fuddri
2965,Fude
2967,Gadith
2968,ganDi bot gaali
2969,gandi ke bot davari
2970,GanDi votto
2971,Guru
2972,kick your ass
2973,maari
2974,Maichi fud
2975,masti pisso
2976,minni
2978,momo
2979,moshye fudd
2980,muje bonk lew
2981,paadu
2982,Popoot
2983,Potachea
2984,Potnechya
2985,rande puth
2986,Randecho
2987,Shent
2988,shet maar pilluk
2989,sunna manngo
2990,sunne jati che
2991,Tu Zovlo Khubyakarnicha chedvak
2992,Tu Zovlo Khubyakarnik
2993,tugile gaandi
2994,Tujya Baye Fodo
2995,ubyani zhovta
2996,zhenge
2997,Zonyachea
2998,zov babak
2999,Zov Bai
3000,zov rangyak
3001,amaa fui
3002,Amaa fui
3003,Amaa handhaan kurey
3004,amaa thalhaa
3005,Badi
3006,Buri Loa valhu
3007,Fada boe
3008,Fada boey
3009,Fada Thiki
3010,Fatha folhi
3011,magey foah boe
3012,mani boe
3013,Nagoo balhu
3014,nagoobalhu
3015,"""Ninde ama, pati!"""
3016,Aaana kunna
3017,aan-vedi
3018,achante andi
3019,Achinga Kunnan
3020,adichu poli
3021,Ajoli ka Thajoli
3022,ammaudi pootil poocha
3023,amminhnha
3024,Andi pidiyan
3025,anna kunna
3026,appikunna
3027,arraykku chuttum poorruu ullaval
3028,avaraathi
3029,avarathi mone
3030,chalam nakki
3031,Chandi
3032,Chokka lingam
3033,coondi
3034,Da patti
3035,eli kunna
3036,Ettukali Patti Pooran
3037,inchi mola
3038,johninte andi
3039,kaatu poori
3040,kallel oouuki
3041,kandara oli
3042,kandi
3043,kandi theeni
3044,Kandu
3045,Kanni
3046,Kanni mola
3047,kara vedi
3048,karim kunna
3049,karim pooran
3050,katta thayoli
3051,kazhappu perutha mairan
3052,Keepu
3053,Kettal
3054,kodam nakiii
3055,Kolekkeri
3056,Koothara
3057,Koothi
3058,Koothichi
3059,kotham
3060,kotham kalakki
3061,kotham nakku
3062,Koyimani
3063,kuch
3064,kulamavuka
3065,kundan
3066,kundaroli poori mone
3067,Kundi
3068,Kundi mon
3069,Kundi oota
3070,kundimol
3071,kunji kunnan
3072,kunna
3073,Kunna
3074,kunna chappu
3075,Kunna Oli
3076,Kunna paal
3077,Kunna thayoli
3078,kunna urunji
3079,kunnappal
3080,kushukk
3081,Lick Me
3082,malayalam
3083,Maratel ooki
3084,Masa
3085,Mattanga Poore
3086,Mayiradi mon
3087,Mlechan
3088,mola
3089,moonchikko
3090,Mula Adi
3091,mula chappu
3092,mula kashakku
3093,mula mol
3094,Myir
3095,Myre
3096,Myrru
3097,Naayi meedan
3098,nayinte mone
3099,Nayinte Mone
3100,Nayinte Monne
3101,ninde andi maire
3102,Ninte ama koondi ishtima
3103,Ninte ammakku vettu nayinte mone
3104,Ninte ammaku vetu
3105,ninte ammeda tar
3106,Ninte Ammede Kothil.
3107,ninte ammede pooru
3108,Ninte ammede thenga mairu
3109,ninte appante andi
3110,Odu myre
3111,ookki
3112,oomban
3113,oombi mon
3114,Oooomb
3115,Ootan
3116,paara pooru
3117,paareel ookki
3118,Pacha tayolli
3119,Pachila Pooran
3120,Paik keriko myra
3121,paiku vetti
3122,pala thanthakkundaya thaoli
3123,pallinedayil kanthu
3124,pambara kutichi
3125,pampara thayoli
3126,panchavarna kunna
3127,pandi kallan
3128,panniyoli
3129,para andi oomba
3130,Para kutichi
3131,para thayoli punda mon
3132,parii
3133,pathala poor
3134,patti poori mon
3135,patty theettam
3136,Pela molichi
3137,Pela vedi
3138,pela vedi kandaroli
3139,petty
3140,Pezhachu Pettavan
3141,Poda Thayoli
3142,podda Patti
3143,pola vettu
3144,poochi
3145,Pooranddi
3146,poore ennayil tenni veetil poda
3147,Poori mone
3148,Poorri
3149,Pooru
3150,pooru
3151,Pooru Montha
3152,poottaavi
3153,poottile mathycurry
3154,poyi ninte kunna oombadaa
3155,poyi oombada
3156,praa thayolli
3157,Puchi
3158,pudti puliyadi
3159,Pulayadi monae
3160,pundachi mone
3161,Purusha Vedi
3162,rainayude poore
3163,Santhosh Pandit
3164,Shukla mughan
3165,shuklam dheeni
3166,shuklam nakki
3167,Takkali pooru
3168,Thaayoli
3169,thabala pooran
3170,thakara thayoli
3171,Thallayoli
3172,Thalleyoli
3173,thayolee
3174,thayoli
3175,Thayoli
3176,thayoli idli
3177,Thayoli idli
3178,Theetam
3179,theetta moran
3180,theettam
3181,theettathel ookki
3182,THENGA MYRE
3183,Thenga pooru
3184,Thevadichi
3185,Thokolli kalla sami
3186,Thukal Kunna
3187,umman
3188,vada
3189,Vadam vali
3190,vali
3191,Vayilitto
3192,vedi
3193,vedi pura
3194,vedi vekkuka
3195,Veppatti
3196,veshya / veshi
3197,vettukili
3198,Viral Iduka
3199,vouvalinu undaya thayoli
3200,aai chi gand
3201,Aai ghalya
3202,aai javada
3203,aaichya gavat pay
3204,Aandya
3205,ai zawlee
3206,akkar mashi
3207,Aye Jhaatu
3208,ayica dana
3209,Badak Zawarya
3210,Bhadavya
3211,Bhikaar Chot
3212,Bhosada
3213,Bin gotyaachya
3214,Bulli chokya
3215,Chhaiyla
3216,Chhinal
3217,Chinaal maichya
3219,chut marichya
3220,Chut Marichya
3221,fodri pisaat
3222,Fodricchya
3223,fokanchidy
3224,Foknicha
3225,Gand khaya
3226,Gand phatli bhenchod
3227,Gandit Ghuslo
3228,Gandoo
3229,Gav Zawadi
3230,Hepari
3231,Jhavadya
3232,Kanadal
3233,khargatya gandicha
3234,Khullya lavdyacchya
3235,lal gandya
3236,Laudu
3237,Lavadya
3238,Lingapisat
3240,madarchoth
3241,marathi
3242,Muttha
3243,Paadar Gandichya
3244,pachi bota bhundyat
3245,phodarphatya
3246,Phodree Pisat
3247,Pucchi Khajvya
3248,puchi
3249,Raandichya
3250,Randechya
3251,Shanya lavdyacchya
3252,shata ki chutney
3253,shattya
3254,Shebnya
3255,Telkat Randi
3256,tondaat gay
3257,tujha aila kutryawani zawin
3258,tuji ai mutli madkyat phala-phala
3259,Tuji aiee chi gaand
3260,Tujya aaicha puchha
3261,tuza baap dhandewala
3262,tuzi aai padli madkyat
3263,tuzi aai padli tuzya tondat
3264,tuzua aaichi pucchi viskatli 40 ekrat
3265,Tuzya aai chi Phodree
3266,tuzya aaicha foda
3267,tuzya aaicha lavda
3268,tuzya aaichi gand
3269,tuzya aaichi pucchi
3270,tuzya aaichya gandit mungya
3271,tuzya aaichya pucchila chavla kutra
3272,tuzya aaichya pucchila chavla sap
3273,tuzya aaila zavla kala kutra
3274,Tuzya aii zavneya tuzya baapla
3275,Tuzya bapacha pay adakla sandasat.
3276,Tuzya gaandit paay
3277,Yadzava
3278,yadzavya
3279,Yeda lavdya
3280,zavadya
3281,Zavkhor
3282,zavnya
3283,Adarsha
3284,Bandar Ko Chaak
3285,beshya
3286,Bhalu
3287,bhalu ko poi
3288,Bhalu lai chik muji
3289,chaak ko pwal
3290,chahk
3291,chahk ko dulka
3292,chak cha
3293,Chaman
3294,Chick-day
3295,Chickne
3296,condo
3297,condo hannay
3298,Dhoti
3299,dudh
3300,fushi kha
3301,Gadha
3302,gand faat cha
3303,Geda
3304,Gidi Haps
3305,goo kha
3306,Goo kha
3307,goo khai-ra morr
3308,Gula chus randi
3309,gula kha
3310,Jantha
3311,Kando
3312,Kangres
3313,Kukkur
3314,kukur chikni
3315,laando kha
3316,lado
3317,Lado
3318,Lado chus
3319,lado cocha
3320,Lado kha
3321,Lado ko tuppo
3322,lamto
3323,Lang Lang
3324,ma shaala
3325,maa chikney!
3326,Maa chikni
3327,Maa Rondi!
3328,Machikne
3329,Madhesi
3330,mandale
3331,maobadi
3332,mero fushi kha
3334,mootday
3335,moreko
3336,moreko manchi
3337,Morr Sali Morr!
3338,morryo
3339,Mugi
3340,Muji
3341,murda
3342,muzy
3343,pahadi
3344,pinko
3345,Prachanda
3346,Puti Chat Chu
3347,puti kha
3348,puti ko jhol
3349,Putin Chaat
3350,radi ko puti
3351,Randi ko baan
3352,Randi ko Ban
3353,randi ko choro
3354,randiko choro
3355,sungghur
3356,turi tauke
3357,Tutturay
3358,ABHADRA
3359,Baanda
3360,Bada bou ghia
3362,Banda
3363,banda chhod
3364,Banda mundi
3365,BARBARA
3366,Batakara (pela)
3367,bedha bia
3368,Bedha toka
3369,Bedha Toke
3370,bedhei
3371,Bedhei pua
3372,bhauni giha
3373,bia fata mada
3374,bia ku darkar jaghanya gihan
3375,Biaa
3376,Bija
3377,Biya chudi
3378,Bujula
3379,chodipua
3380,chukiba
3381,dana
3382,Faizan
3383,fusa chata
3384,fusa kura
3385,Gaandiaa
3387,Gandi gia
3388,Gandi Mara Sankara
3389,Gandire Banda
3390,Gayee de
3391,gehiba
3392,Ghoda Gehin Pua
3393,Ghoda Ghein Bedha Toke
3394,Ghusuri ghiaa
3395,Goola gandha
3396,gosti gian
3397,Guola
3398,Hagura magia
3399,Han ta nalire goithe
3400,hinjada
3401,hinjida
3402,Laathi biya re kaathi
3403,Maa bia ra pua
3404,Maa ghia
3405,Maa gia
3406,maagya
3407,madarchaut
3408,Mankada ghiya
3409,mankada giha
3410,mo priya ra bia re lagichi nia!!!!!
3411,Mo Priya ra Gandi re Niya
3412,Moro banda chaape
3413,Mu tomo bhallo pauchu
3414,Muuthi mara magia
3415,naani bia re ghian
3416,Nanna gia
3417,PASANDA
3418,Pela
3419,Pela phata maada
3420,pelei pua
3421,Pelei pua
3422,Pelei Puo
3423,PUDI
3424,randa (Pronounce Ra as robbery not as rabbit
3425,Randa ku banda dhamakani
3426,Randi puo
3427,senti
3428,Senti
3429,Tate Gehibi
3430,Thoola phata maada
3431,To bhauni bia re ghia
3432,To bou BIA
3433,To Gandire Ghien
3434,To Gandire Mo Banda
3435,To Maa Bia re ghein
3436,To Maa Biya Re Ghen
3437,To maa ku gihe
3438,to maa ku kukur gaheun
3439,To Maipa Biaare gihen
3440,To Maipa Biaare Gihen
3441,To Maipa Gandi maribi
3442,To Maipa Gandire gihen
3443,bakvas
3445,Choohi
3446,Fudu
3447,Haram Jaada
3448,kalan
3449,kudi chod
3450,Kuri yani
3451,kuri yawa
3452,Kuthe Di Poosh
3453,Kuthe Kambakhte
3454,Laaaaauvre
3455,Lan di Jhoon
3456,lun tay charja
3457,Lun te Waj
3458,Momay
3459,Pan chod
3460,peyu di gand vich ungal
3461,Phuddy
3462,soor da lora
3463,teri maa di fudi
3464,Teri paan di chiter
3465,Teri pan di lun
3466,tutoo
3467,Tutti
3468,Bagul butcha
3469,Bewakoof
3470,Bhen da shola
3471,Bhen Da Yaar
3472,Bhenchod
3473,Bhenchode
3474,bhonsdu
3475,Bibi di fudi
3476,bokki
3477,Bondu
3478,bondu
3480,Bund
3481,bund de
3482,Bund Mara
3483,Bund marr
3484,chaval
3485,Chitta Bander / Kalla Bander
3486,Chitterchort
3487,choos mera badaam
3488,chutha
3489,Chutiyaa
3490,chuttiya
3491,dallah
3492,Dhila lan de padiash
3493,Fooduu
3494,fuddi hayon da
3495,fudi
3496,Fudi chut
3497,Fudi da tataa
3498,fudi fry karna
3499,fudi hyounda
3502,Gandu
3503,ganndu
3504,Gashti
3505,ghashti
3506,haram da
3507,harami saale
3508,Haramjada
3509,Jaa apne braah nu chod laa
3510,kala lulla pi
3512,Kanjar
3513,Kanjari
3514,Kenjer
3516,kissey kuti ma da puttar
3517,Klatch
3518,Kuta
3519,kuta
3520,Kutha
3521,kuthay da puthar
3522,Kuthi
3523,kuti
3524,Laan tare mow nee
3525,lan chat
3526,lan choos
3527,Lauda
3528,Lul
3529,lula bahonder tup
3530,lula chooshe
3531,Lun
3532,Lun choos
3533,Lun Chung
3534,Lun kurra how gaya
3535,lun te charrh
3536,Lund
3537,Lund Chuss
3538,Lunni
3539,Ma chod
3540,ma di podi
3541,maa-jhouda
3542,Maan Da Yaar
3543,MaanChod
3544,Mamai
3545,Mamai Chuss
3546,mamai patta
3547,mango
3548,mao ni puddi
3549,matarchod
3550,Mau ni yakk
3551,Meh tera tueh vich aangliyan devan
3552,Menu zor nal lan mar
3553,Mera lan sakht ah
3554,Mera lan tera tueh ki paarsi
3555,Mera lun choos ta aangly mar
3556,mera lund teri bund de betch
3557,mere lund tey charr ke nach!
3558,Meri Tutti Kha
3559,Mume
3560,Muth Maar
3561,nuts ko suck kurrow
3562,pad mar
3563,Pan da yaar
3564,Panchod salaa
3565,Peshaab
3566,phen chodtha
3567,poo
3568,Pud
3569,Puddu
3570,Pudhi avandeya
3571,Pudi
3573,soor
3574,Tatte
3575,tatte chaude
3576,tatte fad lo
3577,tatte hayon da
3578,taxi
3579,Teri Bhen Dee Fuddi Mari
3580,teri bhen di ghusi
3581,teri bund ch lakad
3582,Teri bund marni aa
3583,teri fudi wich lul marya
3584,Teri ma da ghusa
3585,Teri ma di khali phudi
3586,Teri ma the fudi
3587,teri maa da fudda
3588,teri maa da posrha
3589,Teri maa dai ccholay
3590,teri maa dee tutee swaad ya
3591,Teri maa di gandi phuddi
3592,Teri Maa Di Koosii Kay Uppar !
3593,teri maa di pudi vich lath
3594,teri maa nu lund
3595,Teri Maan Dee Fuddi Mari
3596,teri paan dee lund
3597,Teri paan di fudi parrne
3598,teri paen nu lan
3599,Teri pain dha pahraya hoya phudda
3600,teri pen da pudda
3601,terri ma di fuid parne
3602,topa
3603,Topa
3604,Topa te beja
3605,Tu Bhen Da Yaar
3606,Tu Maan Da Yaar
3607,tu vich leni daa.
3608,Tutta
3609,Tuttay
3610,Guddha naku
3611,Guddha pagala dengutha
3612,aathulu
3613,aathulu peeku
3614,aathulu peekutha
3615,Aati Mokka
3616,akka bokka lO naa sulla
3617,akka nee pooku dengutha
3618,amma pooku ki baanisa
3619,amma pooku lo arati pandu
3620,ATTHA POOKU DENGINA ALLDU
3621,bochu
3622,Bosudi
3623,chilipiga thittatam
3624,Chitthu Pooka
3625,Dengithe dayyalu pudatai
3626,Dengu
3627,doola lanja
3628,Gaadida Pichaloda
3629,Gaja madda
3630,golli cheeku ra kodaka
3631,golli chekutha lanja
3632,Gudda
3633,gudda
3634,gudda naaku
3635,Hasta Prayogam chai
3636,Jinniappa
3637,kammani pooku
3638,Kojja
3639,Konamodda
3640,kukka -pooka
3641,kukka sulli
3642,Kuthuru vongudu..alludu dhengudu
3643,LANGA VIPPAVAE LANJAA
3644,lanja
3645,lanja - kodka
3646,Lanja munda
3647,lanja pooka
3648,Lanjakodka
3649,Marmangam
3650,Modda
3651,modda cheeku lanja
3652,MODDA KUDUVU
3653,modda naaku
3654,modda notlo petti dengutha
3655,"modda, lavada, daddu, magatanam"
3656,"muchchika, chanu mona"
3657,muddy lo velu petuko
3658,naa modda gudu
3659,Ne akka nu denga
3660,ne akkan ma kukka dengha
3661,Ne amma pukkulo naa modda
3662,ne jathini kukka denga
3663,ne notlo naa suli
3664,Ne pookula na sulli
3665,Nee aali pookulo Rampam
3666,NEE AKKAANI DENGAA
3667,nee akkanu denga
3668,NEE ALINI DENGAA
3669,nee amma guddani denga
3670,nee amma kuttani denga
3671,Nee amma roju na modda cheekuthundi
3672,NEE AMMANI DENGAA
3673,nee ammanu denga
3674,nee ammanu dnegu
3675,nee kooturu ni denga
3676,nee notlo naa sulli
3677,nee pallu super
3678,nee pellaanni denga
3679,nee pooku chekutha
3680,nee pukulo naa sulli
3681,Ni akkani pandulu denga
3682,Ni pukla na madda
3683,nihar
3684,Nihar (or) banda pooku
3685,ninnu dengutha
3686,Nuvvu nee yendipoyina sulli
3687,PEDDA SALLADHI
3688,Pichi Pukoda
3689,Pichi Pukudaana
3690,Poi voungu ra
3691,Pooku
3692,pooku
3693,"pooku, dimma, pappa, bokka"
3694,Poooku chinchu
3695,pukku naaku
3696,Puku Peka adistha
3697,puthhi
3698,sachinoda
3699,sallu dengutha
3700,SANALO BOCHHO
3701,shaata
3702,Sravan (or) konda verri pooku
3703,sulii
3704,Sulli pattu
3705,Teja (or) adivi pooku
3706,Teja trivikram (or) adivi pooku
3707,thurku valagodtha
3708,Vattakai
3709,vattalu
3710,Vedhava
3711,verri puka
3712,vongo petti dengutha lanja
3713,aaja choos mera lurs
3714,Aap ka aana
3715,apna lun cuti shur
3716,"Balal, mera noonoo na choop se"
3717,Behn ki chutar
3718,Bhadwe Ki Nasal
3719,bhai chode
3720,Bhen chot
3721,Bhen ke lorray
3722,bosard chodi kay
3723,Bund ke Biryani
3724,chatt merai tattai
3725,Choom meri Gaand
3726,Choos Mera Lora
3727,chooth kay pakoray
3728,choti se luli
3729,Chupa la lay
3730,Chut ke chatney
3731,dalla
3732,dari moni pudi mari
3733,deli mali guti
3734,doe dolla raandee
3735,Duffah oja
3736,eik dolla raande
3737,gaand chamchi
3738,gaand ka bukhaar
3739,Gaddha
3740,ghandoo
3741,Ghasti Kay Bachay
3742,haraam salle
3743,Haraamzada
3744,Haraamzadi
3745,haram salla
3746,jhaant kay baal
3747,kaala bandar
3748,Kamina
3749,kanjeri kay bachay
3750,Khuss madri kay
3751,kute liche ho chublo
3752,kutee chode
3754,Kuttay ka bacha
3755,kutte ka ghanta
3756,Kutti
3757,kutti ka bacha
3758,lalchi kutte kaa bacha
3759,Lola/Lula
3760,looly
3761,lora le kay nach mera
3762,Lula mu ki lan
3763,lulmuah
3764,Lun Chuse
3765,Lund Pe Charh
3766,Maan Chod
3767,Maan kay laurday
3768,madarugly
3769,Mather chot
3770,Mayyaada
3771,meera loora choo so
3772,meli mali guta
3773,mera laan choop
3774,monney podey
3775,moomeh
3776,muth ki malai
3777,Myyaada
3779,peasah nah mahr
3780,Phudi
3781,poody
3782,Randee ka bacha
3783,Randi ki nasal
3785,Shudra Lund
3786,Tamil Lund
3787,tari beh na puda paarsan
3788,Tattay chooso
3789,tattee choad
3790,tere bhen meri chod hain
3791,tere gand maroo
3792,Teri Gaand Main Kutta Mutre
3793,teri gand ma keera hai
3794,teri gand mera lun hai
3795,teri ma khuti
3796,Teri Ma ki choot
3797,Teri Ma Ko Kuttey Chodein
3798,teri maa ki phudi
3799,Toomaray tattay baraay pahraay heh
3800,tu tho meri chod ki tara :P
3801,Uloo Ki Pata
3802,Uloo Ki Pati
3803,ulu chod
3804,abu gidir
3805,Bazari
3806,Bima khoigra
3807,Bima khoygra
3808,Bimani fishai
3809,Bwitali
3810,Cfa swlangra
3811,Hinjao maogra (khoigra)
3812,khilama
3813,Khoynai
3814,Lwdwi
3815,Nwma shifa
3816,Nwmani abu
3817,Sifa gudung
3818,Sifa jagra
3819,sifa jagra
3820,Sifa swlagra
3821,Sikwmwn
3944,Andoo
3945,behenien khe yahan
3946,Bhairain jo yaar
3947,Bharain khe
3948,Bharvo
3949,Bhavesh
3950,Bhen ja chud
3951,Bherain khe
3952,Budhi muhandro
3953,Charyo
3954,Chora
3955,Chora / Chori
3956,Chud
3957,Chud Budhi jo
3958,Chud muhandro
3960,Chutoon
3961,Dallo
3962,gui jo tung
3963,Guii / Gaand
3964,Jadija
3965,kakus
3966,Kutey ja putta
3967,lalli
3968,Lun choop
3969,Lun khao
3970,Lun muhandro
3971,Maa ja chud
3972,maa ji teeta
3973,Madar chot
3974,Marhain jo yaar
3975,Marhain khe
3976,Marhen khe yahan
3977,Mujhko aapka bur chahiye
3979,Pelo / Pela
3980,Pelorray
3981,Pirhain ji yaar
3982,"Pirhain ji yaar (adding ""Jo"" will make the Paramour masculine)"
3983,Pirhain khe
3984,ran yadho
3985,Ranayadha
3986,Randi jo putr
3987,Sagro muo
3988,Teetay main
3989,punda/pundai
3990,poolu
3991,ommapunda
3992,thevdiyapaiya
3993,okka/kokka
3994,ommala oka
3995,pundai
3996,sunni
3997,mayir/mayiru
3998,oombu
3999,kena pundai
4000,akkula thukki kami di
4002,anaathai kaluthai
4003,arivu ketta koothi
4004,avuthu kami
4005,baadu
4007,ennoda poola oombuda 
4008,okka kudi
4009,kaai
4010,kaai adithal
4011,kala viridi
4012,ki adi
4013,koothi mayir
4014,kuthi kolutha thevdia
4015,kuthia virikira thevdia
4016,molaikku naduvule uttu okka
4017,molaikku naduvule utu olu da
4018,okkala ozhi
4020,ommala
4021,onkka pundek
4022,kunju
4023,panni
4024,pavadaiyathukkikamidi
4025,pisasu
4027,pooluarunthapundamavan
4028,puluthi
4029,puluthi punda
4030,puluthinapoolaumbudi
4031,pundamavale
4032,pundavaaya
4033,pundaamavane
4034,pundainakki
4036,pundayenakku
4037,soothu
4038,suththu
4040,sunniyaoombu
4041,suthaa
4042,thaiyoli
4043,thangathevdia
4044,thevidiya pulla
4045,thevidiya mavale
4046,thotha pundai
4047,thevadiyamavan
4048,thevdiyakuthi
4049,thoomiyakudiki
4050,thevdiyakuthileuttapoolu
4052,thoronthukamidi
4053,thukkikami
4054,ungaaayakuthi
4055,vaaila vaangu
4056,vesi
4057,viruchu kaami
4058,arippueduthakuthimavale
4059,auvusaarikoodi
4060,gajakkol
4061,kalaiviridi
4062,kandaaraoli
4063,karungkuthimavale
4064,keeshanappa
4065,kenapunda
4066,koodhi
4067,koodhipayale
4068,koothinuckie
4069,kudiyabaadu
4070,kundi
4071,kundimudi
4072,kunjipayalae
4073,kusukoodhi
4074,kuthimudiyathadavikamidi
4075,loosukoodhi
4076,mairupudungi
4077,malamattupunda
4078,mayirupoodunghi
4079,molasappi
4080,mollamaari
4081,monnanaaye
4082,mairaandi
4083,muttaakoodhi
4084,naarakoodhi
4085,pudungi
4086,nayeesoothileunkunji
4087,oakkauttabaadu
4088,okkalaoli
4089,olithebengali
4090,olmaari
4091,oluthapundai
4092,ongappanpundai
4093,oogili
4095,oora otha thevidiya
4096,oorthevidya
4097,oka
4098,oththa
4099,oolu
4101,paepunda
4102,kenakuthi
4103,potta punda
4104,parapundamaune
4105,padukka pottu okka
4106,parathesi punda
4107,patchathevidiya
4108,pochu pundai
4109,pochchu
4110,poolpayya
4112,thevudiya 
4113,avusaari
4114,pullusappi
4116,pundamavanae
4117,pula chappu
4118,pula umbu
4119,oththa punda
4120,sakkiliakoodhi
4121,sappi
4122,selayaithukkudi
4123,vaaila vachuruven
4124,sunniya umbu
4125,pundaiya moodu
4127,molai
4128,thevdiya
4129,thevidiya
4130,thevidiyapundai
4131,molaya amukava
4132,naara punda
4133,okkala okka
4134,vailevatchuko
4135,ommala pottu okka
4136,monna pundai
4137,kai mutti
4138,para punda
4139,ommala okka
4140,kai adiki
4141,munda kalappa
4142,otha
4144,arivu ketta mundam
4145,Baah Khuwa
4146,Baal
4147,baal kela
4148,baal khuruwa
4149,baaperor konitu
4150,baaperor pukorkhon
4151,Bal
4152,Bandor Chod
4153,Bari
4154,Bengena Mora
4155,billa suda
4156,bimakho khoigra
4157,boinaak sudaai
4158,boiner lalak
4159,boithali
4160,buch seleka
4161,Bush
4162,Bush mara
4163,Bushot tel diya
4164,Chet
4165,ekka she duuka
4166,fifa ni lodoi
4167,Fuck Dang Fo!
4168,gar mora
4169,Gida
4170,Gida Khua
4171,Gu
4172,Gu Khuwa
4173,guu kha
4174,guu kha mokkel
4175,Jairir badcha
4176,Jhaant singa
4177,johoni jua
4178,Johora
4179,Jonghol
4180,Kela
4181,Keti
4182,Koti Mara
4183,Kotit bari homai dim
4184,Kukur'or puwali
4185,laura
4186,Lauri ke bal
4187,Lothou Guti
4188,Ludoi
4189,"Maaeror Boos, maksudai"
4190,Maaeror fof khon
4191,maak sudai
4192,Maaror bhumikhon kela
4193,maka dingding
4194,maka linglang
4195,Maksaai
4196,mangmarani
4197,Meeyarek Kohai
4198,Mumu
4199,Nagori putek
4200,Naliya
4201,Pel suha
4202,Pheda cheleka
4203,Pokorot Kothal Bhoram
4204,pukor selek
4205,raandii
4206,Randir soli
4207,Rendi Dallal
4208,Rendir Beta
4209,Rendy Suda
4210,Set Suda
4211,setor baal
4212,sipha jagra
4213,Sudasudi
4214,Sudi Gida Falidim
4215,Sudur Bhai
4216,sut marani
4217,syetor moila
4218,Tez piya
4219,Tumak sudibor mon goise
4220,tur maak sudu
4221,Tur Maak Sudu
4222,Tur maraok rastat kukur logi sudam..
8433,"""KUTH-TII"" (or) ""KUTTII"""
8434,AAGA (or) GUUUUUUU
8435,amar nunu chat
8436,Ami Tumarae Khortham
8437,Ashiq
8438,baal bichi
8439,Baal Halaidheese
8440,Baba choda rendi
8441,bai lerh
8443,Bandii
8444,bara
8445,bara / bada
8890,gel saffa
8891,ghanta
8892,Gundmare
8893,kameenay
8894,Kutiya
8895,Lannd
8896,Loda
8897,ma ki aankh
8898,Maa Chuda
8899,Madarchod
8900,Mumme
8901,Muttha Marna
8902,Na chundi nee umbu
8903,paagal
8904,Rand / Randi
8905,sandha pela
8906,teri behen ki choot
8907,teri bund ch mera kela
8908,Teri maa chod dunga
8909,Teri maa ke handle mein pandle marun.
8910,teri pandit ke chut
8911,ullu de pathe
